-- Nepal administrative hierarchy: PostgreSQL schema and seed data
-- Generated 2026-07-18; UTF-8
-- IDs are application dataset identifiers, not asserted official government codes.

BEGIN;

CREATE TABLE IF NOT EXISTS nepal_provinces (
  id SMALLINT PRIMARY KEY,
  name_en VARCHAR(100) NOT NULL UNIQUE,
  name_ne VARCHAR(100) NOT NULL,
  headquarters_en VARCHAR(100),
  headquarters_ne VARCHAR(100)
);

CREATE TABLE IF NOT EXISTS nepal_districts (
  id SMALLINT PRIMARY KEY,
  province_id SMALLINT NOT NULL REFERENCES nepal_provinces(id),
  name_en VARCHAR(120) NOT NULL,
  name_ne VARCHAR(120) NOT NULL,
  headquarters_en VARCHAR(120),
  headquarters_ne VARCHAR(120),
  UNIQUE (province_id, name_en)
);

CREATE TABLE IF NOT EXISTS nepal_local_level_types (
  id SMALLINT PRIMARY KEY,
  code VARCHAR(40) NOT NULL UNIQUE,
  name_en VARCHAR(100) NOT NULL,
  name_ne VARCHAR(100) NOT NULL
);

CREATE TABLE IF NOT EXISTS nepal_local_levels (
  id SMALLINT PRIMARY KEY,
  district_id SMALLINT NOT NULL REFERENCES nepal_districts(id),
  type_id SMALLINT NOT NULL REFERENCES nepal_local_level_types(id),
  name_en VARCHAR(160) NOT NULL,
  name_ne VARCHAR(160) NOT NULL,
  UNIQUE (district_id, name_en)
);

INSERT INTO nepal_provinces (id, name_en, name_ne, headquarters_en, headquarters_ne) VALUES
  (1, 'Koshi Province', 'कोशी प्रदेश', 'Biratnagar', 'बिराटनगर'),
  (2, 'Madhesh Province', 'मधेश प्रदेश', 'Janakpur', 'जनकपुर'),
  (3, 'Bagmati Province', 'बागमती प्रदेश', 'Hetauda', 'हेटौडा'),
  (4, 'Gandaki Province', 'गण्डकी प्रदेश', 'Pokhara', 'पोखरा'),
  (5, 'Lumbini Province', 'लुम्बिनी प्रदेश', 'Deukhuri', 'देउखुरी'),
  (6, 'Karnali Province', 'कर्णाली प्रदेश', 'Birendranagar', 'बिरेन्द्रनगर'),
  (7, 'Sudurpashchim Province', 'सुदूरपश्चिम प्रदेश', 'Godawari', 'गोदावरी')
ON CONFLICT (id) DO UPDATE SET name_en=EXCLUDED.name_en, name_ne=EXCLUDED.name_ne, headquarters_en=EXCLUDED.headquarters_en, headquarters_ne=EXCLUDED.headquarters_ne;

INSERT INTO nepal_local_level_types (id, code, name_en, name_ne) VALUES
  (1, 'METROPOLITAN_CITY', 'Metropolitan City', 'महानगरपालिका'),
  (2, 'SUB_METROPOLITAN_CITY', 'Sub-Metropolitan City', 'उपमहानगरपालिका'),
  (3, 'MUNICIPALITY', 'Municipality', 'नगरपालिका'),
  (4, 'RURAL_MUNICIPALITY', 'Rural Municipality', 'गाउँपालिका')
ON CONFLICT (id) DO UPDATE SET code=EXCLUDED.code, name_en=EXCLUDED.name_en, name_ne=EXCLUDED.name_ne;

INSERT INTO nepal_districts (id, province_id, name_en, name_ne, headquarters_en, headquarters_ne) VALUES
  (1, 1, 'Bhojpur', 'भोजपुर', 'Bhojpur', 'भोजपुर'),
  (2, 1, 'Dhankuta', 'धनकुटा', 'Dhankuta', 'धनकुटा'),
  (3, 1, 'Ilam', 'इलाम', 'Ilam', 'ईलाम'),
  (4, 1, 'Jhapa', 'झापा', 'Bhadrapur', 'झापा'),
  (5, 1, 'Khotang', 'खोटाँग', 'Diktel', 'खोटांग'),
  (6, 1, 'Morang', 'मोरंग', 'Biratnagar', 'मोरंग'),
  (7, 1, 'Okhaldhunga', 'ओखलढुंगा', 'Siddhicharan', 'सिद्धिचरण'),
  (8, 1, 'Panchthar', 'पांचथर', 'Phidim', 'फिदिम'),
  (9, 1, 'Sankhuwasabha', 'संखुवासभा', 'Khandbari', 'खाँदबारी'),
  (10, 1, 'Solukhumbu', 'सोलुखुम्बू', 'Salleri', 'सल्लेरी'),
  (11, 1, 'Sunsari', 'सुनसरी', 'Inaruwa', 'इनरुवा'),
  (12, 1, 'Taplejung', 'ताप्लेजुंग', 'Taplejung', 'ताप्लेजुंग'),
  (13, 1, 'Terhathum', 'तेह्रथुम', 'Myanglung', 'म्यांगलुङ्ग'),
  (14, 1, 'Udayapur', 'उदयपुर', 'Gaighat', 'गाईघाट'),
  (15, 2, 'Parsa', 'पर्सा', 'Birgunj', 'विरगंज'),
  (16, 2, 'Bara', 'बारा', 'Kalaiya', 'कलैया'),
  (17, 2, 'Rautahat', 'रौतहट', 'Gaur', 'गौर'),
  (18, 2, 'Sarlahi', 'सर्लाही', 'Malangawa', 'मलंगवा'),
  (19, 2, 'Siraha', 'सिराहा', 'Siraha', 'सिरहा'),
  (20, 2, 'Dhanusha', 'धनुषा', 'Janakpur', 'जनकपुर'),
  (21, 2, 'Saptari', 'सप्तरी', 'Rajbiraj', 'राजविराज'),
  (22, 2, 'Mahottari', 'महोत्तरी', 'Jaleshwar', 'जलेश्वर'),
  (23, 3, 'Bhaktapur', 'भक्तपुर', 'Bhaktapur', 'भक्तपुर'),
  (24, 3, 'Chitwan', 'चितवन', 'Bharatpur', 'भरतपुर'),
  (25, 3, 'Dhading', 'धादिंङ्ग', 'Nilkantha', 'निलकण्ठ'),
  (26, 3, 'Dolakha', 'दोलखा', 'Bhimeshwar', 'भिमेश्वर'),
  (27, 3, 'Kathmandu', 'काठमाडौँ', 'Kathmandu', 'काठमाडौँ'),
  (28, 3, 'Kavrepalanchok', 'काभ्रेपलान्चोक', 'Dhulikhel', 'धुलिखेल'),
  (29, 3, 'Lalitpur', 'ललितपुर', 'Lalitpur', 'ललितपुर'),
  (30, 3, 'Makwanpur', 'मकवानपुर', 'Hetauda', 'हेटौडा'),
  (31, 3, 'Nuwakot', 'नुवाकोट', 'Bidur', 'बिदुर'),
  (32, 3, 'Ramechhap', 'रामेछाप', 'Manthali', 'मन्थली'),
  (33, 3, 'Rasuwa', 'रसुवा', 'Dhunche', 'धुन्चे'),
  (34, 3, 'Sindhuli', 'सिन्धुली', 'Kamalamai', 'कमलामाई'),
  (35, 3, 'Sindhupalchok', 'सिन्धुपाल्चोक', 'Chautara', 'चौतारा'),
  (36, 4, 'Baglung', 'बागलुङ', 'Baglung', 'बाग्लुंग'),
  (37, 4, 'Gorkha', 'गोरखा', 'Gorkha', 'गोर्खा'),
  (38, 4, 'Kaski', 'कास्की', 'Pokhara', 'पोखरा'),
  (39, 4, 'Lamjung', 'लमजुङ', 'Besisahar', 'बेशीसहर'),
  (40, 4, 'Manang', 'मनाङ', 'Chame', 'चामे'),
  (41, 4, 'Mustang', 'मुस्ताङ', 'Jomsom', 'जोमसोम'),
  (42, 4, 'Myagdi', 'म्याग्दी', 'Beni', 'बेनी'),
  (43, 4, 'Nawalpur', 'नवलपुर', 'Kawasoti', 'कावासोती'),
  (44, 4, 'Parbat', 'पर्वत', 'Kusma', 'कुस्मा'),
  (45, 4, 'Syangja', 'स्याङग्जा', 'Putalibazar', 'पुतलीबजार'),
  (46, 4, 'Tanahun', 'तनहुँ', 'Damauli', 'दमौली'),
  (47, 5, 'Kapilvastu', 'कपिलवस्तु', 'Taulihawa', 'तौलिहवा'),
  (48, 5, 'Parasi', 'परासी', 'Ramgram', 'रामग्राम'),
  (49, 5, 'Rupandehi', 'रुपन्देही', 'Siddharthanagar', 'सिद्धार्थनगर'),
  (50, 5, 'Arghakhanchi', 'अर्घाखाँची', 'Sandhikharka', 'सन्धिखर्क'),
  (51, 5, 'Gulmi', 'गुल्मी', 'Tamghas', 'तम्घास'),
  (52, 5, 'Palpa', 'पाल्पा', 'Tansen', 'तानसेन'),
  (53, 5, 'Dang', 'दाङ', 'Ghorahi', 'घोराही'),
  (54, 5, 'Pyuthan', 'प्युठान', 'Pyuthan', 'प्युठान'),
  (55, 5, 'Rolpa', 'रोल्पा', 'Liwang', 'लिवाङ्ग'),
  (56, 5, 'Rukum East', 'पूर्वी रूकुम', 'Rukumkot', 'रुकुमकोट'),
  (57, 5, 'Banke', 'बाँके', 'Nepalganj', 'नेपालगंज'),
  (58, 5, 'Bardiya', 'बर्दिया', 'Gulariya', 'गुलरिया'),
  (59, 6, 'Rukum West', 'रुकुम पश्चिम', 'Musikot', 'मुसिकोट'),
  (60, 6, 'Salyan', 'सल्यान', 'Salyan', 'सल्यान'),
  (61, 6, 'Dolpa', 'डोल्पा', 'Dunai', 'दुनै'),
  (62, 6, 'Humla', 'हुम्ला', 'Simikot', 'सिमिकोट'),
  (63, 6, 'Jumla', 'जुम्ला', 'Chandannath', 'चन्दननाथ'),
  (64, 6, 'Kalikot', 'कालिकोट', 'Manma', 'मान्म'),
  (65, 6, 'Mugu', 'मुगु', 'Gamgadhi', 'गमगढी'),
  (66, 6, 'Surkhet', 'सुर्खेत', 'Birendranagar', 'बिरेन्द्रनगर'),
  (67, 6, 'Dailekh', 'दैलेख', 'Dailekh', 'दैलेख'),
  (68, 6, 'Jajarkot', 'जाजरकोट', 'Khalanga', 'खलंगा'),
  (69, 7, 'Darchula', 'दार्चुला', 'Darchula', 'दार्चुला'),
  (70, 7, 'Bajhang', 'बझाङ', 'Jayaprithvi', 'जयप्रिथिवी'),
  (71, 7, 'Bajura', 'बाजुरा', 'Badimalika', 'बडिमालिका'),
  (72, 7, 'Baitadi', 'बैतडी', 'Dasharathchand', 'दशरथचन्द'),
  (73, 7, 'Doti', 'डोटी', 'Dipayal Silgadhi', 'दिपायल सिलगढी'),
  (74, 7, 'Achham', 'अछाम', 'Mangalsen', 'मंगलसेन'),
  (75, 7, 'Dadeldhura', 'डडेलधुरा', 'Amargadhi', 'अमरगढी'),
  (76, 7, 'Kanchanpur', 'कञ्चनपुर', 'Bheemdatta', 'भीमदत्त'),
  (77, 7, 'Kailali', 'कैलाली', 'Dhangadhi', 'धनगढी')
ON CONFLICT (id) DO UPDATE SET province_id=EXCLUDED.province_id, name_en=EXCLUDED.name_en, name_ne=EXCLUDED.name_ne, headquarters_en=EXCLUDED.headquarters_en, headquarters_ne=EXCLUDED.headquarters_ne;

INSERT INTO nepal_local_levels (id, district_id, type_id, name_en, name_ne) VALUES
  (1, 1, 3, 'Shadanand', 'षडानन्द'),
  (2, 1, 3, 'Bhojpur', 'भोजपुर'),
  (3, 1, 4, 'Hatuwagadhi', 'हतुवागढी'),
  (4, 1, 4, 'Ramprasad Rai', 'रामप्रसाद राई'),
  (5, 1, 4, 'Aamchok', 'आमचोक'),
  (6, 1, 4, 'Tyamke Maiyum', 'टेम्केमैयुङ'),
  (7, 1, 4, 'Arun', 'अरुण'),
  (8, 1, 4, 'Pauwadungma', 'पौवादुङमा'),
  (9, 1, 4, 'Salpasilichho', 'साल्पासिलिछो'),
  (10, 2, 3, 'Dhankuta', 'धनकुटा'),
  (11, 2, 3, 'Pakhribas', 'पाख्रिबास'),
  (12, 2, 3, 'Mahalaxmi', 'महालक्ष्मी'),
  (13, 2, 4, 'Sangurigadhi', 'साँगुरीगढी'),
  (14, 2, 4, 'Chaubise', 'चौविसे'),
  (15, 2, 4, 'Sahidbhumi', 'सहिदभूमि'),
  (16, 2, 4, 'Chhathar Jorpati', 'छथर जोरपाटी'),
  (17, 3, 3, 'Suryodaya', 'सूर्योदय'),
  (18, 3, 3, 'Ilam', 'ईलाम'),
  (19, 3, 3, 'Deumai', 'देउमाई'),
  (20, 3, 4, 'Maijogmai', 'माईजोगमाई'),
  (21, 3, 4, 'Phakphokthum', 'फाकफोकथुम'),
  (22, 3, 3, 'Mai', 'माई'),
  (23, 3, 4, 'Chulachuli', 'चुलाचुली'),
  (24, 3, 4, 'Rong', 'रोङ'),
  (25, 3, 4, 'Mangsebung', 'माङसेबुङ'),
  (26, 3, 4, 'Sandakpur', 'सन्दकपुर'),
  (27, 4, 3, 'Mechinagar', 'मेचीनगर'),
  (28, 4, 3, 'Birtamod', 'विर्तामोड'),
  (29, 4, 3, 'Damak', 'दमक'),
  (30, 4, 3, 'Bhadrapur', 'भद्रपुर'),
  (31, 4, 3, 'Shivasatakshi', 'शिवशताक्षी'),
  (32, 4, 3, 'Arjundhara', 'अर्जुनधारा'),
  (33, 4, 3, 'Gauradaha', 'गौरादह'),
  (34, 4, 3, 'Kankai', 'कन्काई'),
  (35, 4, 4, 'Kamal', 'कमल'),
  (36, 4, 4, 'Buddha Shanti', 'बुद्धशान्ति'),
  (37, 4, 4, 'Kachankawal', 'कचनकवल'),
  (38, 4, 4, 'Jhapa', 'झापा'),
  (39, 4, 4, 'Barhadashi', 'बाह्रदशी'),
  (40, 4, 4, 'Gaurigunj', 'गौरीगंज'),
  (41, 4, 4, 'Haldibari', 'हल्दिवारी'),
  (42, 5, 3, 'Diktel Rupakot Majhuwagadhi', 'दिक्तेल रुपाकोट मझुवागढी'),
  (43, 5, 3, 'Halesi Tuwachung', 'हलेसी तुवाचुङ'),
  (44, 5, 4, 'Khotehang', 'खोटेहाङ'),
  (45, 5, 4, 'Diprung Chuichumma', 'दिप्रुङ चुइचुम्मा'),
  (46, 5, 4, 'Aiselukharka', 'ऐसेलुखर्क'),
  (47, 5, 4, 'Jantedhunga', 'जन्तेढुंगा'),
  (48, 5, 4, 'Kepilasgadhi', 'केपिलासगढी'),
  (49, 5, 4, 'Barahpokhari', 'वराहपोखरी'),
  (50, 5, 4, 'Rawa Besi', 'रावा बेसी'),
  (51, 5, 4, 'Sakela', 'साकेला'),
  (52, 6, 3, 'Sundar Haraicha', 'सुन्दरहरैचा'),
  (53, 6, 3, 'Belbari', 'बेलवारी'),
  (54, 6, 3, 'Pathari Shanischare', 'पथरी शनिश्चरे'),
  (55, 6, 3, 'Ratuwamai', 'रतुवामाई'),
  (56, 6, 3, 'Urlabari', 'उर्लावारी'),
  (57, 6, 3, 'Rangeli', 'रंगेली'),
  (58, 6, 3, 'Sunawarshi', 'सुनवर्षि'),
  (59, 6, 3, 'Letang', 'लेटाङ'),
  (60, 6, 1, 'Biratnagar', 'विराटनगर'),
  (61, 6, 4, 'Jahada', 'जहदा'),
  (62, 6, 4, 'Budi Ganga', 'बुढीगंगा'),
  (63, 6, 4, 'Katahari', 'कटहरी'),
  (64, 6, 4, 'Dhanpalthan', 'धनपालथान'),
  (65, 6, 4, 'Kanepokhari', 'कानेपोखरी'),
  (66, 6, 4, 'Gramthan', 'ग्रामथान'),
  (67, 6, 4, 'Kerabari', 'केरावारी'),
  (68, 6, 4, 'Miklajung', 'मिक्लाजुङ'),
  (69, 7, 3, 'Siddhicharan', 'सिद्दिचरण'),
  (70, 7, 4, 'Khiji Demba', 'खिजिदेम्बा'),
  (71, 7, 4, 'Chisankhugadhi', 'चिशंखुगढी'),
  (72, 7, 4, 'Molung', 'मोलुङ'),
  (73, 7, 4, 'Sunkoshi', 'सुनकोशी'),
  (74, 7, 4, 'Champadevi', 'चम्पादेवी'),
  (75, 7, 4, 'Manebhanjyang', 'मानेभञ्याङ'),
  (76, 7, 4, 'Likhu', 'लिखु'),
  (77, 8, 3, 'Phidim', 'फिदिम'),
  (78, 8, 4, 'Miklajung', 'मिक्लाजुङ'),
  (79, 8, 4, 'Phalgunanda', 'फाल्गुनन्द'),
  (80, 8, 4, 'Hilihang', 'हिलिहाङ'),
  (81, 8, 4, 'Phalelung', 'फालेलुङ'),
  (82, 8, 4, 'Yangwarak', 'याङवरक'),
  (83, 8, 4, 'Kummayak', 'कुम्मायक'),
  (84, 8, 4, 'Tumbewa', 'तुम्बेवा'),
  (85, 9, 3, 'Khandbari', 'खाँदवारी'),
  (86, 9, 3, 'Chainpur', 'चैनपुर'),
  (87, 9, 3, 'Dharmadevi', 'धर्मदेवी'),
  (88, 9, 3, 'Panchkhapan', 'पाँचखपन'),
  (89, 9, 3, 'Madi', 'मादी'),
  (90, 9, 4, 'Makalu', 'मकालु'),
  (91, 9, 4, 'Silichong', 'सिलीचोङ'),
  (92, 9, 4, 'Sabhapokhari', 'सभापोखरी'),
  (93, 9, 4, 'Chichila', 'चिचिला'),
  (94, 9, 4, 'BhotKhola', 'भोटखोला'),
  (95, 10, 3, 'Solu Dudhkunda', 'सोलुदुधकुण्ड'),
  (96, 10, 4, 'Mapya Dudhkoshi', 'माप्य दुधकोशी'),
  (97, 10, 4, 'Necha Salyan', 'नेचासल्यान'),
  (98, 10, 4, 'Thulung Dudhkoshi', 'थुलुङ दुधकोशी'),
  (99, 10, 4, 'Maha Kulung', 'माहाकुलुङ'),
  (100, 10, 4, 'Sotang', 'सोताङ'),
  (101, 10, 4, 'Khumbu PasangLhamu', 'खुम्वु पासाङल्हमु'),
  (102, 10, 4, 'Likhu Pike', 'लिखु पिके'),
  (103, 11, 3, 'BarahaKshetra', 'बराहक्षेत्र'),
  (104, 11, 3, 'Inaruwa', 'ईनरुवा'),
  (105, 11, 3, 'Duhabi', 'दुहवी'),
  (106, 11, 3, 'Ramdhuni', 'रामधुनी'),
  (107, 11, 2, 'Itahari', 'ईटहरी'),
  (108, 11, 2, 'Dharan', 'धरान'),
  (109, 11, 4, 'Koshi', 'कोशी'),
  (110, 11, 4, 'Harinagar', 'हरिनगर'),
  (111, 11, 4, 'Bhokraha Narsingh', 'भोक्राहा नरसिंह'),
  (112, 11, 4, 'Dewangunj', 'देवानगञ्ज'),
  (113, 11, 4, 'Gadhi', 'गढी'),
  (114, 11, 4, 'Barju', 'बर्जु'),
  (115, 12, 3, 'Phungling', 'फुङलिङ'),
  (116, 12, 4, 'Sirijangha', 'सिरीजङ्घा'),
  (117, 12, 4, 'Aathrai Triveni', 'आठराई त्रिवेणी'),
  (118, 12, 4, 'Pathibhara Yangwarak', 'पाथीभरा याङवरक'),
  (119, 12, 4, 'Meringden', 'मेरिङदेन'),
  (120, 12, 4, 'Sidingwa', 'सिदिङ्वा'),
  (121, 12, 4, 'Phaktanglung', 'फक्ताङलुङ'),
  (122, 12, 4, 'Maiwa Khola', 'मैवाखोला'),
  (123, 12, 4, 'Mikwa Khola', 'मिक्वाखोला'),
  (124, 13, 3, 'Myanglung', 'म्याङलुङ'),
  (125, 13, 3, 'Laligurans', 'लालीगुराँस'),
  (126, 13, 4, 'Aathrai', 'आठराई'),
  (127, 13, 4, 'Phedap', 'फेदाप'),
  (128, 13, 4, 'Chhathar', 'छथर'),
  (129, 13, 4, 'Menchayayem', 'मेन्छयायेम'),
  (130, 14, 3, 'Triyuga', 'त्रियुगा'),
  (131, 14, 3, 'Katari', 'कटारी'),
  (132, 14, 3, 'Chaudandigadhi', 'चौदण्डीगढी'),
  (133, 14, 3, 'Belaka', 'वेलका'),
  (134, 14, 4, 'Udayapurgadhi', 'उदयपुरगढी'),
  (135, 14, 4, 'Rautamai', 'रौतामाई'),
  (136, 14, 4, 'Tapli', 'ताप्ली'),
  (137, 14, 4, 'Limchungbung', 'लिम्चुङ्बुङ'),
  (138, 15, 1, 'Birgunj', 'बिरगंज'),
  (139, 15, 3, 'Bahudarmai', 'बहुदरमाई'),
  (140, 15, 3, 'Parsagadhi', 'पर्सागढी'),
  (141, 15, 3, 'Pokhariya', 'पोखरिया'),
  (142, 15, 4, 'Bindabasini', 'बिन्दबासिनी'),
  (143, 15, 4, 'Dhobini', 'धोबीनी'),
  (144, 15, 4, 'Chhipaharmai', 'छिपहरमाई'),
  (145, 15, 4, 'Jagarnathpur', 'जगरनाथपुर'),
  (146, 15, 4, 'Jirabhawani', 'जिरा भवानी'),
  (147, 15, 4, 'Kalikamai', 'कालिकामाई'),
  (148, 15, 4, 'Pakaha Mainpur', 'पकाहा मैनपुर'),
  (149, 15, 4, 'Paterwa Sugauli', 'पटेर्वा सुगौली'),
  (150, 15, 4, 'Sakhuwa Prasauni', 'सखुवा प्रसौनी'),
  (151, 15, 4, 'Thori', 'ठोरी'),
  (152, 16, 2, 'Kalaiya', 'कलैया'),
  (153, 16, 2, 'Jitpur Simara', 'जीतपुर सिमरा'),
  (154, 16, 3, 'Kolhabi', 'कोल्हवी'),
  (155, 16, 3, 'Nijgadh', 'निजगढ'),
  (156, 16, 3, 'Mahagadhimai', 'महागढीमाई'),
  (157, 16, 3, 'Simaraungadh', 'सिम्रौनगढ'),
  (158, 16, 3, 'Pacharauta', 'पचरौता'),
  (159, 16, 4, 'Pheta', 'फेटा'),
  (160, 16, 4, 'Bishrampur', 'विश्रामपुर'),
  (161, 16, 4, 'Prasauni', 'प्रसौनी'),
  (162, 16, 4, 'Adarsh Kotwal', 'आदर्श कोटवाल'),
  (163, 16, 4, 'Karaiyamai', 'करैयामाई'),
  (164, 16, 4, 'Devtal', 'देवताल'),
  (165, 16, 4, 'Parwanipur', 'परवानीपुर'),
  (166, 16, 4, 'Baragadhi', 'बारागढी'),
  (167, 16, 4, 'Suwarna', 'सुवर्ण'),
  (168, 17, 3, 'Baudhimai', 'बौधीमाई'),
  (169, 17, 3, 'Brindaban', 'बृन्दावन'),
  (170, 17, 3, 'Chandrapur', 'चन्द्रपुर'),
  (171, 17, 3, 'Dewahi Gonahi', 'देवाही गोनाही'),
  (172, 17, 3, 'Gadhimai', 'गढीमाई'),
  (173, 17, 3, 'Guruda', 'गरुडा'),
  (174, 17, 3, 'Gaur', 'गौर'),
  (175, 17, 3, 'Gujara', 'गुजरा'),
  (176, 17, 3, 'Ishanath', 'ईशनाथ'),
  (177, 17, 3, 'Katahariya', 'कटहरिया'),
  (178, 17, 3, 'Madhav Narayan', 'माधव नारायण'),
  (179, 17, 3, 'Maulapur', 'मौलापुर'),
  (180, 17, 3, 'Paroha', 'परोहा'),
  (181, 17, 3, 'Phatuwa Bijayapur', 'फतुवाबिजयपुर'),
  (182, 17, 3, 'Rajdevi', 'राजदेवी'),
  (183, 17, 3, 'Rajpur', 'राजपुर'),
  (184, 17, 4, 'Durga Bhagwati', 'दुर्गा भगवती'),
  (185, 17, 4, 'Yamunamai', 'यमुनामाई'),
  (186, 18, 3, 'Bagmati', 'बागमती'),
  (187, 18, 3, 'Balara', 'बलरा'),
  (188, 18, 3, 'Barahathwa', 'बरहथवा'),
  (189, 18, 3, 'Godaita', 'गोडैटा'),
  (190, 18, 3, 'Hariwan', 'हरिवन'),
  (191, 18, 3, 'Haripur', 'हरिपुर'),
  (192, 18, 3, 'Haripurwa', 'हरिपुर्वा'),
  (193, 18, 3, 'Ishowrpur', 'ईश्वरपुर'),
  (194, 18, 3, 'Kabilasi', 'कविलासी'),
  (195, 18, 3, 'Lalbandi', 'लालबन्दी'),
  (196, 18, 3, 'Malangawa', 'मलंगवा'),
  (197, 18, 4, 'Basbariya', 'बसबरीया'),
  (198, 18, 4, 'Bisnu', 'विष्णु'),
  (199, 18, 4, 'Brahampuri', 'ब्रह्मपुरी'),
  (200, 18, 4, 'Chakraghatta', 'चक्रघट्टा'),
  (201, 18, 4, 'Chandranagar', 'चन्द्रनगर'),
  (202, 18, 4, 'Dhankaul', 'धनकौल'),
  (203, 18, 4, 'Kaudena', 'कौडेना'),
  (204, 18, 4, 'Parsa', 'पर्सा'),
  (205, 18, 4, 'Ramnagar', 'रामनगर'),
  (206, 19, 3, 'Lahan', 'लहान'),
  (207, 19, 3, 'Dhangadhimai', 'धनगढीमाई'),
  (208, 19, 3, 'Siraha', 'सिरहा'),
  (209, 19, 3, 'Golbazar', 'गोलबजार'),
  (210, 19, 3, 'Mirchaiya', 'मिर्चैयाँ'),
  (211, 19, 3, 'Kalyanpur', 'कल्याणपुर'),
  (212, 19, 3, 'Karjanha', 'कर्जन्हा'),
  (213, 19, 3, 'Sukhipur', 'सुखीपुर'),
  (214, 19, 4, 'Bhagwanpur', 'भगवानपुर'),
  (215, 19, 4, 'Aurahi', 'औरही'),
  (216, 19, 4, 'Bishnupur', 'विष्णुपुर'),
  (217, 19, 4, 'Bariyarpatti', 'बरियारपट्टी'),
  (218, 19, 4, 'Lakshmipur Patari', 'लक्ष्मीपुर पतारी'),
  (219, 19, 4, 'Naraha', 'नरहा'),
  (220, 19, 4, 'SakhuwanankarKatti', 'सखुवानान्कारकट्टी'),
  (221, 19, 4, 'Arnama', 'अर्नमा'),
  (222, 19, 4, 'Navarajpur', 'नवराजपुर'),
  (223, 20, 2, 'Janakpurdham', 'जनकपुरधाम'),
  (224, 20, 3, 'Chhireshwarnath', 'क्षिरेश्वरनाथ'),
  (225, 20, 3, 'Ganeshman Charnath', 'गणेशमान चारनाथ'),
  (226, 20, 3, 'Dhanushadham', 'धनुषाधाम'),
  (227, 20, 3, 'Nagarain', 'नगराइन'),
  (228, 20, 3, 'Bideha', 'विदेह'),
  (229, 20, 3, 'Mithila', 'मिथिला'),
  (230, 20, 3, 'Sahidnagar', 'शहीदनगर'),
  (231, 20, 3, 'Sabaila', 'सबैला'),
  (232, 20, 3, 'Kamala', 'कमला'),
  (233, 20, 3, 'MithilaBihari', 'मिथिला बिहारी'),
  (234, 20, 3, 'Hansapur', 'हंसपुर'),
  (235, 20, 4, 'Janaknandani', 'जनकनन्दिनी'),
  (236, 20, 4, 'Bateshwar', 'बटेश्वर'),
  (237, 20, 4, 'Mukhiyapatti Musharniya', 'मुखियापट्टी मुसहरमिया'),
  (238, 20, 4, 'Lakshminya', 'लक्ष्मीनिया'),
  (239, 20, 4, 'Aaurahi', 'औरही'),
  (240, 20, 4, 'Dhanauji', 'धनौजी'),
  (241, 21, 3, 'Bodebarsain', 'बोदेबरसाईन'),
  (242, 21, 3, 'Dakneshwori', 'डाक्नेश्वरी'),
  (243, 21, 3, 'Hanumannagar Kankalini', 'हनुमाननगर कङ्‌कालिनी'),
  (244, 21, 3, 'Kanchanrup', 'कञ्चनरुप'),
  (245, 21, 3, 'Khadak', 'खडक'),
  (246, 21, 3, 'Shambhunath', 'शम्भुनाथ'),
  (247, 21, 3, 'Saptakoshi', 'सप्तकोशी'),
  (248, 21, 3, 'Surunga', 'सुरुङ्‍गा'),
  (249, 21, 3, 'Rajbiraj', 'राजविराज'),
  (250, 21, 4, 'Agnisaira Krishnasavaran', 'अग्निसाइर कृष्णासरवन'),
  (251, 21, 4, 'Balan-Bihul', 'बलान-बिहुल'),
  (252, 21, 4, 'Rajgadh', 'राजगढ'),
  (253, 21, 4, 'Bishnupur', 'बिष्णुपुर'),
  (254, 21, 4, 'Chhinnamasta', 'छिन्नमस्ता'),
  (255, 21, 4, 'Mahadeva', 'महादेवा'),
  (256, 21, 4, 'Rupani', 'रुपनी'),
  (257, 21, 4, 'Tilathi Koiladi', 'तिलाठी कोईलाडी'),
  (258, 21, 4, 'Tirhut', 'तिरहुत'),
  (259, 22, 3, 'Aaurahi', 'औरही'),
  (260, 22, 3, 'Balawa', 'बलवा'),
  (261, 22, 3, 'Bardibas', 'बर्दिबास'),
  (262, 22, 3, 'Bhangaha', 'भँगाहा'),
  (263, 22, 3, 'Gaushala', 'गौशाला'),
  (264, 22, 3, 'Jaleshor', 'जलेश्वर'),
  (265, 22, 3, 'Loharpatti', 'लोहरपट्टी'),
  (266, 22, 3, 'Manara Shiswa', 'मनरा शिसवा'),
  (267, 22, 3, 'Matihani', 'मटिहानी'),
  (268, 22, 3, 'Ramgopalpur', 'रामगोपालपुर'),
  (269, 22, 4, 'Ekdara', 'एकडारा'),
  (270, 22, 4, 'Mahottari', 'महोत्तरी'),
  (271, 22, 4, 'Pipara', 'पिपरा'),
  (272, 22, 4, 'Samsi', 'साम्सी'),
  (273, 22, 4, 'Sonama', 'सोनमा'),
  (274, 23, 3, 'Bhaktapur', 'भक्तपुर'),
  (275, 23, 3, 'Changunarayan', 'चाँगुनारायण'),
  (276, 23, 3, 'Suryabinayak', 'सूर्यविनायक'),
  (277, 23, 3, 'Madhyapur Thimi', 'मध्यपुर थिमी'),
  (278, 24, 1, 'Bharatpur', 'भरतपुर'),
  (279, 24, 3, 'Kalika', 'कालिका'),
  (280, 24, 3, 'Khairhani', 'खैरहनी'),
  (281, 24, 3, 'Madi', 'माडी'),
  (282, 24, 3, 'Ratnagar', 'रत्ननगर'),
  (283, 24, 3, 'Rapti', 'राप्ती'),
  (284, 24, 4, 'Ichchhakamana', 'इच्छाकामना'),
  (285, 25, 3, 'Dhunibeshi', 'धुनीबेंशी'),
  (286, 25, 3, 'Nilkantha', 'निलकण्ठ'),
  (287, 25, 4, 'Khaniyabas', 'खनियाबास'),
  (288, 25, 4, 'Gajuri', 'गजुरी'),
  (289, 25, 4, 'Galchhi', 'गल्छी'),
  (290, 25, 4, 'Gangajamuna', 'गङ्गाजमुना'),
  (291, 25, 4, 'Jwalamukhi', 'ज्वालामूखी'),
  (292, 25, 4, 'Thakre', 'थाक्रे'),
  (293, 25, 4, 'Netrawati Dabjong', 'नेत्रावती डबजोङ'),
  (294, 25, 4, 'Benighat Rorang', 'बेनीघाट रोराङ्ग'),
  (295, 25, 4, 'Rubi Valley', 'रुवी भ्याली'),
  (296, 25, 4, 'Siddhalek', 'सिद्धलेक'),
  (297, 25, 4, 'Tripurasundari', 'त्रिपुरासुन्दरी'),
  (298, 26, 3, 'Bhimeswor', 'भिमेश्वर'),
  (299, 26, 3, 'Jiri', 'जिरी'),
  (300, 26, 4, 'Kalinchok', 'कालिन्चोक'),
  (301, 26, 4, 'Melung', 'मेलुङ्ग'),
  (302, 26, 4, 'Bigu', 'विगु'),
  (303, 26, 4, 'Gaurishankar', 'गौरीशङ्कर'),
  (304, 26, 4, 'Baiteshowr', 'वैतेश्वर'),
  (305, 26, 4, 'Sailung', 'शैलुङ्ग'),
  (306, 26, 4, 'Tamakoshi', 'तामाकोशी'),
  (307, 27, 1, 'Kathmandu', 'काठमाण्डौं'),
  (308, 27, 3, 'Gokarneshwar', 'गोकर्णेश्वर'),
  (309, 27, 3, 'Kirtipur', 'कीर्तिपुर'),
  (310, 27, 3, 'Kageshwari-Manohara', 'कागेश्वरी मनोहरा'),
  (311, 27, 3, 'Chandragiri', 'चन्द्रागिरी'),
  (312, 27, 3, 'Tokha', 'टोखा'),
  (313, 27, 3, 'Tarakeshwar', 'तारकेश्वर'),
  (314, 27, 3, 'Dakshinkali', 'दक्षिणकाली'),
  (315, 27, 3, 'Nagarjun', 'नागार्जुन'),
  (316, 27, 3, 'Budhalikantha', 'बुढानिलकण्ठ'),
  (317, 27, 3, 'Shankharapur', 'शङ्खरापुर'),
  (318, 28, 3, 'Dhulikhel', 'धुलिखेल'),
  (319, 28, 3, 'Namobuddha', 'नमोबुद्ध'),
  (320, 28, 3, 'Panauti', 'पनौती'),
  (321, 28, 3, 'Panchkhal', 'पाँचखाल'),
  (322, 28, 3, 'Banepa', 'बनेपा'),
  (323, 28, 3, 'Mandandeupur', 'मण्डनदेउपुर'),
  (324, 28, 4, 'Khani Khola', 'खानीखोला'),
  (325, 28, 4, 'Chauri Deurali', 'चौंरीदेउराली'),
  (326, 28, 4, 'Temal', 'तेमाल'),
  (327, 28, 4, 'Bethanchok', 'बेथानचोक'),
  (328, 28, 4, 'Bhumlu', 'भुम्लु'),
  (329, 28, 4, 'Mahabharat', 'महाभारत'),
  (330, 28, 4, 'Roshi', 'रोशी'),
  (331, 29, 1, 'Lalitpur', 'ललितपुर'),
  (332, 29, 3, 'Mahalaxmi', 'महालक्ष्मी'),
  (333, 29, 3, 'Godawari', 'गोदावरी'),
  (334, 29, 4, 'Konjyosom', 'कोन्ज्योसोम'),
  (335, 29, 4, 'Bagmati', 'बागमती'),
  (336, 29, 4, 'Mahankal', 'महाङ्काल'),
  (337, 30, 2, 'Hetauda', 'हेटौडा'),
  (338, 30, 3, 'Thaha', 'थाहा'),
  (339, 30, 4, 'Bhimphedi', 'भिमफेदी'),
  (340, 30, 4, 'Makawanpurgadhi', 'मकवानपुरगढी'),
  (341, 30, 4, 'Manahari', 'मनहरी'),
  (342, 30, 4, 'Raksirang', 'राक्सिराङ्ग'),
  (343, 30, 4, 'Bakaiya', 'बकैया'),
  (344, 30, 4, 'Bagmati', 'बाग्मति'),
  (345, 30, 4, 'Kailash', 'कैलाश'),
  (346, 30, 4, 'Indrasarowar', 'इन्द्रसरोबर'),
  (347, 31, 3, 'Bidur', 'विदुर'),
  (348, 31, 3, 'Belkotgadhi', 'बेलकोटगढी'),
  (349, 31, 4, 'Kakani', 'ककनी'),
  (350, 31, 4, 'Panchakanya', 'पञ्चकन्या'),
  (351, 31, 4, 'Likhu', 'लिखु'),
  (352, 31, 4, 'Dupcheshwar', 'दुप्चेश्वर'),
  (353, 31, 4, 'Shivapuri', 'शिवपुरी'),
  (354, 31, 4, 'Tadi', 'तादी'),
  (355, 31, 4, 'Suryagadhi', 'सुर्यगढी'),
  (356, 31, 4, 'Tarkeshwar', 'तारकेश्वर'),
  (357, 31, 4, 'Kispang', 'किस्पाङ'),
  (358, 31, 4, 'Myagang', 'म्यगङ'),
  (359, 32, 3, 'Manthali', 'मन्थली'),
  (360, 32, 3, 'Ramechhap', 'रामेछाप'),
  (361, 32, 4, 'Umakunda', 'उमाकुण्ड'),
  (362, 32, 4, 'Khandadevi', 'खाँडादेवी'),
  (363, 32, 4, 'Doramba', 'दोरम्बा'),
  (364, 32, 4, 'Gokulganga', 'गोकुलगङ्गा'),
  (365, 32, 4, 'LikhuTamakoshi', 'लिखु तामाकोशी'),
  (366, 32, 4, 'Sunapati', 'सुनापती'),
  (367, 33, 4, 'Kalika', 'कालिका'),
  (368, 33, 4, 'Gosaikunda', 'गोसाईकुण्ड'),
  (369, 33, 4, 'Naukunda', 'नौकुण्ड'),
  (370, 33, 4, 'Parbatikunda', 'आमाछोदिङमो'),
  (371, 33, 4, 'Uttargaya', 'उत्तरगया'),
  (372, 34, 3, 'Kamalamai', 'कमलामाई'),
  (373, 34, 3, 'Dudhauli', 'दुधौली'),
  (374, 34, 4, 'Sunkoshi', 'सुनकोशी'),
  (375, 34, 4, 'Hariharpurgadhi', 'हरिहरपुरगढी'),
  (376, 34, 4, 'Tinpatan', 'तीनपाटन'),
  (377, 34, 4, 'Marin', 'मरिण'),
  (378, 34, 4, 'Golanjor', 'गोलन्जर'),
  (379, 34, 4, 'Phikkal', 'फिक्कल'),
  (380, 34, 4, 'Ghyanglekh', 'घ्याङलेख'),
  (381, 35, 3, 'Chautara Sangachowkgadi', 'चौतारा साँगाचोकगढी'),
  (382, 35, 3, 'Bahrabise', 'बाह्रविसे'),
  (383, 35, 3, 'Melamchi', 'मेलम्ची'),
  (384, 35, 4, 'Balephi', 'बलेफी'),
  (385, 35, 4, 'Sunkoshi', 'सुनकोशी'),
  (386, 35, 4, 'Indrawati', 'ईन्द्रावती'),
  (387, 35, 4, 'Jugal', 'जुगल'),
  (388, 35, 4, 'Panchpokhari', 'पाँचपोखरी थाङपाल'),
  (389, 35, 4, 'Bhotekoshi', 'भोटेकोशी'),
  (390, 35, 4, 'Lisankhu', 'लिसङ्खु पाखर'),
  (391, 35, 4, 'Helambu', 'हेलम्बु'),
  (392, 35, 4, 'Tripurasundari', 'त्रिपुरासुन्दरी'),
  (393, 36, 3, 'Baglung', 'बागलुङ'),
  (394, 36, 3, 'Dhorpatan', 'ढोरपाटन'),
  (395, 36, 3, 'Galkot', 'गल्कोट'),
  (396, 36, 3, 'Jaimuni', 'जैमूनी'),
  (397, 36, 4, 'Bareng', 'वरेङ'),
  (398, 36, 4, 'Khathekhola', 'काठेखोला'),
  (399, 36, 4, 'Taman Khola', 'तमानखोला'),
  (400, 36, 4, 'Tara Khola', 'ताराखोला'),
  (401, 36, 4, 'Nishi Khola', 'निसीखोला'),
  (402, 36, 4, 'Badigad', 'वडिगाड'),
  (403, 37, 3, 'Gorkha', 'गोरखा'),
  (404, 37, 3, 'Palungtar', 'पालुङटार'),
  (405, 37, 4, 'Sulikot', 'बारपाक सुलिकोट'),
  (406, 37, 4, 'Siranchowk', 'सिरानचोक'),
  (407, 37, 4, 'Ajirkot', 'अजिरकोट'),
  (408, 37, 4, 'Chumnubri', 'चुमनुव्री'),
  (409, 37, 4, 'Dharche', 'धार्चे'),
  (410, 37, 4, 'Bhimsen Thapa', 'भिमसेनथापा'),
  (411, 37, 4, 'Sahid Lakhan', 'शहिद लखन'),
  (412, 37, 4, 'Aarughat', 'आरूघाट'),
  (413, 37, 4, 'Gandaki', 'गण्डकी'),
  (414, 38, 1, 'Pokhara', 'पोखरा'),
  (415, 38, 4, 'Annapurna', 'अन्नपूर्ण'),
  (416, 38, 4, 'Machhapuchchhre', 'माछापुच्छ्रे'),
  (417, 38, 4, 'Madi', 'मादी'),
  (418, 38, 4, 'Rupa', 'रूपा'),
  (419, 39, 3, 'Besisahar', 'बेसीशहर'),
  (420, 39, 3, 'Madhya Nepal', 'मध्यनेपाल'),
  (421, 39, 3, 'Rainas', 'रारइनास'),
  (422, 39, 3, 'Sundarbazar', 'सुन्दरबजार'),
  (423, 39, 4, 'Dordi', 'दोर्दी'),
  (424, 39, 4, 'Dudhpokhari', 'दूधपोखरी'),
  (425, 39, 4, 'Kwhlosothar', 'क्व्होलासोथार'),
  (426, 39, 4, 'Marsyangdi', 'मर्स्याङदी'),
  (427, 40, 4, 'Chame', 'चामे'),
  (428, 40, 4, 'Nason', 'नासोँ'),
  (429, 40, 4, 'NarpaBhumi', 'नार्पा भूमि'),
  (430, 40, 4, 'Manang Ngisyang', 'मनाङ ङिस्याङ'),
  (431, 41, 4, 'Gharpajhong', 'घरपझोङ'),
  (432, 41, 4, 'Thasang', 'थासाङ'),
  (433, 41, 4, 'Barhagaun Muktichhetra', 'वारागुङ मुक्तिक्षेत्र'),
  (434, 41, 4, 'Lomanthang', 'लोमन्थाङ'),
  (435, 41, 4, 'Lo-Ghekar Damodarkunda', 'लो-घेकर दामोदरकुण्ड'),
  (436, 42, 3, 'Beni', 'बेनी'),
  (437, 42, 4, 'Annapurna', 'अन्नपुर्ण'),
  (438, 42, 4, 'Dhaulagiri', 'धवलागिरी'),
  (439, 42, 4, 'Mangala', 'मंगला'),
  (440, 42, 4, 'Malika', 'मालिका'),
  (441, 42, 4, 'Raghuganga', 'रघुगंगा'),
  (442, 43, 3, 'Kawasoti', 'कावासोती'),
  (443, 43, 3, 'Gaindakot', 'गैडाकोट'),
  (444, 43, 3, 'Devachuli', 'देवचुली'),
  (445, 43, 3, 'Madhya Bindu', 'मध्यविन्दु'),
  (446, 43, 4, 'Baudikali', 'बौदीकाली'),
  (447, 43, 4, 'Bulingtar', 'बुलिङटार'),
  (448, 43, 4, 'Binayi Tribeni', 'विनयी त्रिवेणी'),
  (449, 43, 4, 'Hupsekot', 'हुप्सेकोट'),
  (450, 44, 3, 'Kushma', 'कुश्मा'),
  (451, 44, 3, 'Phalewas', 'फलेवास'),
  (452, 44, 4, 'Jaljala', 'जलजला'),
  (453, 44, 4, 'Paiyun', 'पैयूं'),
  (454, 44, 4, 'Mahashila', 'महाशिला'),
  (455, 44, 4, 'Modi', 'मोदी'),
  (456, 44, 4, 'Bihadi', 'विहादी'),
  (457, 45, 3, 'Galyang', 'गल्याङ'),
  (458, 45, 3, 'Chapakot', 'चापाकोट'),
  (459, 45, 3, 'Putalibazar', 'पुतलीबजार'),
  (460, 45, 3, 'Bheerkot', 'भीरकोट'),
  (461, 45, 3, 'Waling', 'वालिङ'),
  (462, 45, 4, 'Arjun Chaupari', 'अर्जुनचौपारी'),
  (463, 45, 4, 'Aandhikhola', 'आँधिखोला'),
  (464, 45, 4, 'Kaligandaki', 'कालीगण्डकी'),
  (465, 45, 4, 'Phedikhola', 'फेदीखोला'),
  (466, 45, 4, 'Harinas', 'हरिनास'),
  (467, 45, 4, 'Biruwa', 'बिरुवा'),
  (468, 46, 3, 'Bhanu', 'भानु'),
  (469, 46, 3, 'Bhimad', 'भिमाद'),
  (470, 46, 3, 'Byas', 'व्यास'),
  (471, 46, 3, 'Suklagandaki', 'शुक्लागण्डकी'),
  (472, 46, 4, 'AnbuKhaireni', 'आँबुखैरेनी'),
  (473, 46, 4, 'Devghat', 'देवघाट'),
  (474, 46, 4, 'Bandipur', 'वन्दिपुर'),
  (475, 46, 4, 'Rishing', 'ऋषिङ्ग'),
  (476, 46, 4, 'Ghiring', 'घिरिङ'),
  (477, 46, 4, 'Myagde', 'म्याग्दे'),
  (478, 47, 3, 'Kapilvastu', 'कपिलवस्तु'),
  (479, 47, 3, 'Banganga', 'बाणगंगा'),
  (480, 47, 3, 'Buddhabhumi', 'बुद्धभुमी'),
  (481, 47, 3, 'Shivaraj', 'शिवराज'),
  (482, 47, 3, 'Krishnanagar', 'कृष्णनगर'),
  (483, 47, 3, 'Maharajgunj', 'महाराजगंज'),
  (484, 47, 4, 'Mayadevi', 'मायादेवी'),
  (485, 47, 4, 'Yashodhara', 'यसोधरा'),
  (486, 47, 4, 'Suddhodan', 'सुद्धोधन'),
  (487, 47, 4, 'Bijaynagar', 'विजयनगर'),
  (488, 48, 3, 'Bardaghat', 'बर्दघाट'),
  (489, 48, 3, 'Ramgram', 'रामग्राम'),
  (490, 48, 3, 'Sunwal', 'सुनवल'),
  (491, 48, 4, 'Susta', 'सुस्ता'),
  (492, 48, 4, 'Palhi Nandan', 'पाल्हीनन्दन'),
  (493, 48, 4, 'Pratappur', 'प्रतापपुर'),
  (494, 48, 4, 'Sarawal', 'सरावल'),
  (495, 49, 2, 'Butwal', 'बुटवल'),
  (496, 49, 3, 'Devdaha', 'देवदह'),
  (497, 49, 3, 'Lumbini Sanskritik', 'लुम्बिनी सांस्कृतिक'),
  (498, 49, 3, 'Sainamaina', 'सैनामैना'),
  (499, 49, 3, 'Siddharthanagar', 'सिद्धार्थनगर'),
  (500, 49, 3, 'Tilottama', 'तिलोत्तमा'),
  (501, 49, 4, 'Gaidahawa', 'गैडहवा'),
  (502, 49, 4, 'Kanchan', 'कन्चन'),
  (503, 49, 4, 'Kotahimai', 'कोटहीमाई'),
  (504, 49, 4, 'Marchawari', 'मर्चवारी'),
  (505, 49, 4, 'Mayadevi', 'मायादेवी'),
  (506, 49, 4, 'Omsatiya', 'ओमसतिया'),
  (507, 49, 4, 'Rohini', 'रोहिणी'),
  (508, 49, 4, 'Sammarimai', 'सम्मरीमाई'),
  (509, 49, 4, 'Siyari', 'सियारी'),
  (510, 49, 4, 'Suddodhan', 'शुद्धोधन'),
  (511, 50, 3, 'Sandhikharka', 'सन्धिखर्क'),
  (512, 50, 3, 'Sitganga', 'शितगंगा'),
  (513, 50, 3, 'Bhumikasthan', 'भूमिकास्थान'),
  (514, 50, 4, 'Chhatradev', 'छत्रदेव'),
  (515, 50, 4, 'Panini', 'पाणिनी'),
  (516, 50, 4, 'Malarani', 'मालारानी'),
  (517, 51, 3, 'Resunga', 'रेसुङ्गा'),
  (518, 51, 3, 'Musikot', 'मुसिकोट'),
  (519, 51, 4, 'Rurukshetra', 'रुरुक्षेत्र'),
  (520, 51, 4, 'Chhatrakot', 'छत्रकोट'),
  (521, 51, 4, 'Gulmidarbar', 'गुल्मी दरबार'),
  (522, 51, 4, 'Chandrakot', 'चन्द्रकोट'),
  (523, 51, 4, 'Satyawati', 'सत्यवती'),
  (524, 51, 4, 'Dhurkot', 'धुर्कोट'),
  (525, 51, 4, 'Kaligandaki', 'कालीगण्डकी'),
  (526, 51, 4, 'Isma', 'ईस्मा'),
  (527, 51, 4, 'Malika', 'मालिका'),
  (528, 51, 4, 'Madane', 'मदाने'),
  (529, 52, 3, 'Tansen', 'तानसेन'),
  (530, 52, 3, 'Rampur', 'रामपुर'),
  (531, 52, 4, 'Rainadevi Chhahara', 'रैनादेवी छहरा'),
  (532, 52, 4, 'Ripdikot', 'रिब्दिकोट'),
  (533, 52, 4, 'Bagnaskali', 'बगनासकाली'),
  (534, 52, 4, 'Rambha', 'रम्भा'),
  (535, 52, 4, 'Purbakhola', 'पूर्वखोला'),
  (536, 52, 4, 'Nisdi', 'निस्दी'),
  (537, 52, 4, 'Mathagadhi', 'माथागढी'),
  (538, 52, 4, 'Tinahu', 'तिनाउ'),
  (539, 53, 2, 'Ghorahi', 'घोराही'),
  (540, 53, 2, 'Tulsipur', 'तुल्सीपुर'),
  (541, 53, 3, 'Lamahi', 'लमही'),
  (542, 53, 4, 'Gadhawa', 'गढवा'),
  (543, 53, 4, 'Rajpur', 'राजपुर'),
  (544, 53, 4, 'Shantinagar', 'शान्तिनगर'),
  (545, 53, 4, 'Rapti', 'राप्ती'),
  (546, 53, 4, 'Banglachuli', 'बंगलाचुली'),
  (547, 53, 4, 'Dangisharan', 'दंगीशरण'),
  (548, 53, 4, 'Babai', 'बबई'),
  (549, 54, 3, 'Sworgadwari', 'स्वर्गद्वारी'),
  (550, 54, 3, 'Pyuthan', 'प्यूठान'),
  (551, 54, 4, 'Mandavi', 'माण्डवी'),
  (552, 54, 4, 'Sarumarani', 'सरुमारानी'),
  (553, 54, 4, 'Ayirawati', 'ऐरावती'),
  (554, 54, 4, 'Mallarani', 'मल्लरानी'),
  (555, 54, 4, 'Jhimruk', 'झिमरुक'),
  (556, 54, 4, 'Naubahini', 'नौवहिनी'),
  (557, 54, 4, 'Gaumukhi', 'गौमुखी'),
  (558, 55, 3, 'Rolpa', 'रोल्पा'),
  (559, 55, 4, 'Runtigadi', 'रुन्टीगढी'),
  (560, 55, 4, 'Triveni', 'त्रिवेणी'),
  (561, 55, 4, 'Sunil Smiriti', 'सुनिल स्मृति'),
  (562, 55, 4, 'Lungri', 'लुङग्री'),
  (563, 55, 4, 'Sunchhahari', 'सुनछहरी'),
  (564, 55, 4, 'Thawang', 'थवाङ'),
  (565, 55, 4, 'Madi', 'माडी'),
  (566, 55, 4, 'GangaDev', 'गंगादेव'),
  (567, 55, 4, 'Pariwartan', 'परिवर्तन'),
  (568, 56, 4, 'Putha Uttarganga', 'पुथा उत्तरगंगा'),
  (569, 56, 4, 'Bhume', 'भूमे'),
  (570, 56, 4, 'Sisne', 'सिस्ने'),
  (571, 57, 2, 'Nepalgunj', 'नेपालगंज'),
  (572, 57, 3, 'Kohalpur', 'कोहलपुर'),
  (573, 57, 4, 'Rapti-Sonari', 'राप्ती सोनारी'),
  (574, 57, 4, 'Narainapur', 'नरैनापुर'),
  (575, 57, 4, 'Duduwa', 'डुडुवा'),
  (576, 57, 4, 'Janaki', 'जानकी'),
  (577, 57, 4, 'Khajura', 'खजुरा'),
  (578, 57, 4, 'Baijanath', 'बैजनाथ'),
  (579, 58, 3, 'Gulariya', 'गुलरिया'),
  (580, 58, 3, 'Rajapur', 'राजापुर'),
  (581, 58, 3, 'Madhuwan', 'मधुवन'),
  (582, 58, 3, 'Thakurbaba', 'ठाकुरबाबा'),
  (583, 58, 3, 'Basgadhi', 'बाँसगढी'),
  (584, 58, 3, 'Barbardiya', 'बारबर्दिया'),
  (585, 58, 4, 'Badhaiyatal', 'बढैयाताल'),
  (586, 58, 4, 'Geruwa', 'गेरुवा'),
  (587, 59, 3, 'Aathabiskot', 'आठबिसकोट'),
  (588, 59, 3, 'Musikot', 'मुसिकोट'),
  (589, 59, 3, 'Chaurjahari', 'चौरजहारी'),
  (590, 59, 4, 'SaniBheri', 'सानी भेरी'),
  (591, 59, 4, 'Triveni', 'त्रिवेणी'),
  (592, 59, 4, 'Banphikot', 'बाँफिकोट'),
  (593, 60, 4, 'Kumakh', 'कुमाख'),
  (594, 60, 4, 'Kalimati', 'कालिमाटी'),
  (595, 60, 4, 'Chhatreshwari', 'छत्रेश्वरी'),
  (596, 60, 4, 'Darma', 'दार्मा'),
  (597, 60, 4, 'Kapurkot', 'कपुरकोट'),
  (598, 60, 4, 'Triveni', 'त्रिवेणी'),
  (599, 60, 4, 'Siddha Kumakh', 'सिद्ध कुमाख'),
  (600, 60, 3, 'Bagchaur', 'बागचौर'),
  (601, 60, 3, 'Shaarda', 'शारदा'),
  (602, 60, 3, 'Bangad Kupinde', 'बनगाड कुपिण्डे'),
  (603, 61, 4, 'Mudkechula', 'मुड्केचुला'),
  (604, 61, 4, 'Kaike', 'काईके'),
  (605, 61, 4, 'She Phoksundo', 'शे फोक्सुन्डो'),
  (606, 61, 4, 'Jagadulla', 'जगदुल्ला'),
  (607, 61, 4, 'Dolpo Buddha', 'डोल्पो बुद्ध'),
  (608, 61, 4, 'Chharka Tongsong', 'छार्का ताङसोङ'),
  (609, 61, 3, 'Thuli Bheri', 'ठूली भेरी'),
  (610, 61, 3, 'Tripurasundari', 'त्रिपुरासुन्दरी'),
  (611, 62, 4, 'Simkot', 'सिमकोट'),
  (612, 62, 4, 'Sarkegad', 'सर्केगाड'),
  (613, 62, 4, 'Adanchuli', 'अदानचुली'),
  (614, 62, 4, 'Kharpunath', 'खार्पुनाथ'),
  (615, 62, 4, 'Tanjakot', 'ताँजाकोट'),
  (616, 62, 4, 'Chankheli', 'चंखेली'),
  (617, 62, 4, 'Namkha', 'नाम्खा'),
  (618, 63, 4, 'Tatopani', 'तातोपानी'),
  (619, 63, 4, 'Patarasi', 'पातारासी'),
  (620, 63, 4, 'Tila', 'तिला'),
  (621, 63, 4, 'Kanaka Sundari', 'कनकासुन्दरी'),
  (622, 63, 4, 'Sinja', 'सिंजा'),
  (623, 63, 4, 'Hima', 'हिमा'),
  (624, 63, 4, 'Guthichaur', 'गुठिचौर'),
  (625, 63, 3, 'Chandannath', 'चन्दननाथ'),
  (626, 64, 3, 'Khandachakra', 'खाँडाचक्र'),
  (627, 64, 3, 'Raskot', 'रास्कोट'),
  (628, 64, 3, 'Tilagufa', 'तिलागुफा'),
  (629, 64, 4, 'Narharinath', 'नरहरिनाथ'),
  (630, 64, 4, 'Palata', 'पलाता'),
  (631, 64, 4, 'Shubha Kalika', 'शुभ कालीका'),
  (632, 64, 4, 'Sanni Triveni', 'सान्नी त्रिवेणी'),
  (633, 64, 4, 'Pachaljharana', 'पचालझरना'),
  (634, 64, 4, 'Mahawai', 'महावै'),
  (635, 65, 4, 'Khatyad', 'खत्याड'),
  (636, 65, 4, 'Soru', 'सोरु'),
  (637, 65, 4, 'Mugum Karmarong', 'मुगुम कार्मारोंग'),
  (638, 65, 3, 'Chhayanath Rara', 'छायाँनाथ रारा'),
  (639, 66, 4, 'Simta', 'सिम्ता'),
  (640, 66, 4, 'Barahatal', 'बराहताल'),
  (641, 66, 4, 'Chaukune', 'चौकुने'),
  (642, 66, 4, 'Chingad', 'चिङ्गाड'),
  (643, 66, 3, 'Gurbhakot', 'गुर्भाकोट'),
  (644, 66, 3, 'Birendranagar', 'बीरेन्द्रनगर'),
  (645, 66, 3, 'Bheriganga', 'भेरीगंगा'),
  (646, 66, 3, 'Panchapuri', 'पञ्चपुरी'),
  (647, 66, 3, 'Lekbeshi', 'लेकवेशी'),
  (648, 67, 3, 'Dullu', 'दुल्लु'),
  (649, 67, 4, 'Gurans', 'गुराँस'),
  (650, 67, 4, 'Bhairabi', 'भैरवी'),
  (651, 67, 4, 'Naumule', 'नौमुले'),
  (652, 67, 4, 'Mahabu', 'महावु'),
  (653, 67, 4, 'Thantikandh', 'ठाँटीकाँध'),
  (654, 67, 4, 'Bhagawatimai', 'भगवतीमाई'),
  (655, 67, 4, 'Dungeshwar', 'डुंगेश्वर'),
  (656, 67, 3, 'Aathabis', 'आठबीस'),
  (657, 67, 3, 'Narayan', 'नारायण'),
  (658, 67, 3, 'Chamunda Bindrasaini', 'चामुण्डा विन्द्रासैनी'),
  (659, 68, 3, 'Chhedagad', 'छेडागाड'),
  (660, 68, 3, 'Bheri', 'भेरी'),
  (661, 68, 3, 'Nalgad', 'नलगाड'),
  (662, 68, 4, 'Junichande', 'जुनीचाँदे'),
  (663, 68, 4, 'Kuse', 'कुसे'),
  (664, 68, 4, 'Barekot', 'बारेकोट'),
  (665, 68, 4, 'Shivalaya', 'शिवालय'),
  (666, 69, 3, 'Mahakali', 'महाकाली'),
  (667, 69, 3, 'Shailyashikhar', 'शैल्यशिखर'),
  (668, 69, 4, 'Naugad', 'नौगाड'),
  (669, 69, 4, 'Malikarjun', 'मालिकार्जुन'),
  (670, 69, 4, 'Marma', 'मार्मा'),
  (671, 69, 4, 'Lekam', 'लेकम'),
  (672, 69, 4, 'Duhun', 'दुहुँ'),
  (673, 69, 4, 'Vyans', 'ब्याँस'),
  (674, 69, 4, 'Apihimal', 'अपिहिमाल'),
  (675, 70, 3, 'Jayaprithvi', 'जयपृथ्वी'),
  (676, 70, 3, 'Bungal', 'बुंगल'),
  (677, 70, 4, 'Kedarsyu', 'केदारस्युँ'),
  (678, 70, 4, 'Thalara', 'थलारा'),
  (679, 70, 4, 'Bitthadchir', 'वित्थडचिर'),
  (680, 70, 4, 'Chhabis Pathibhera', 'छबिसपाथिभेरा'),
  (681, 70, 4, 'Khaptadchhanna', 'खप्तडछान्ना'),
  (682, 70, 4, 'Masta', 'मष्टा'),
  (683, 70, 4, 'Durgathali', 'दुर्गाथली'),
  (684, 70, 4, 'Talkot', 'तलकोट'),
  (685, 70, 4, 'Surma', 'सूर्मा'),
  (686, 70, 4, 'Saipal', 'साइपाल'),
  (687, 71, 3, 'Badimalika', 'बडीमालिका'),
  (688, 71, 3, 'Triveni', 'त्रिवेणी'),
  (689, 71, 3, 'Budhiganga', 'बुढीगंगा'),
  (690, 71, 3, 'Budhinanda', 'बुढीनन्दा'),
  (691, 71, 4, 'Khaptad Chhededaha', 'खप्तड छेडेदह'),
  (692, 71, 4, 'Swami Kartik Khapar', 'स्वामीकार्तिक खापर'),
  (693, 71, 4, 'Jagannath', 'जगन्‍नाथ'),
  (694, 71, 4, 'Himali', 'हिमाली'),
  (695, 71, 4, 'Gaumul', 'गौमुल'),
  (696, 72, 3, 'Dashrathchanda', 'दशरथचन्द'),
  (697, 72, 3, 'Patan', 'पाटन'),
  (698, 72, 3, 'Melauli', 'मेलौली'),
  (699, 72, 3, 'Purchaudi', 'पुर्चौडी'),
  (700, 72, 4, 'Dogdakedar', 'दोगडाकेदार'),
  (701, 72, 4, 'Dilashaini', 'डीलासैनी'),
  (702, 72, 4, 'Sigas', 'सिगास'),
  (703, 72, 4, 'Pancheshwar', 'पञ्चेश्वर'),
  (704, 72, 4, 'Surnaya', 'सुर्नया'),
  (705, 72, 4, 'Shivanath', 'शिवनाथ'),
  (706, 73, 3, 'Dipayal Silgadhi', 'दिपायल सिलगढी'),
  (707, 73, 3, 'Shikhar', 'शिखर'),
  (708, 73, 4, 'Aadarsha', 'आदर्श'),
  (709, 73, 4, 'Purbichauki', 'पूर्वीचौकी'),
  (710, 73, 4, 'K.I.Singh', 'के.आई.सिं.'),
  (711, 73, 4, 'Jorayal', 'जोरायल'),
  (712, 73, 4, 'Sayal', 'सायल'),
  (713, 73, 4, 'Bogatan-Phudsil', 'बोगटान फुड्सिल'),
  (714, 73, 4, 'Badikedar', 'बडीकेदार'),
  (715, 74, 4, 'Ramaroshan', 'रामारोशन'),
  (716, 74, 4, 'Chaurpati', 'चौरपाटी'),
  (717, 74, 4, 'Turmakhand', 'तुर्माखाँद'),
  (718, 74, 4, 'Mellekh', 'मेल्लेख'),
  (719, 74, 4, 'Dhakari', 'ढकारी'),
  (720, 74, 4, 'Bannigadi Jayagad', 'बान्निगढी जयगढ'),
  (721, 74, 3, 'Mangalsen', 'मंगलसेन'),
  (722, 74, 3, 'Kamalbazar', 'कमलबजार'),
  (723, 74, 3, 'Sanfebagar', 'साँफेबगर'),
  (724, 74, 3, 'Panchadewal Binayak', 'पन्चदेवल विनायक'),
  (725, 75, 4, 'Navadurga', 'नवदुर्गा'),
  (726, 75, 4, 'Aalitaal', 'आलिताल'),
  (727, 75, 4, 'Ganyapadhura', 'गन्यापधुरा'),
  (728, 75, 4, 'Bhageshwar', 'भागेश्वर'),
  (729, 75, 4, 'Ajaymeru', 'अजयमेरु'),
  (730, 75, 3, 'Amargadhi', 'अमरगढी'),
  (731, 75, 3, 'Parshuram', 'परशुराम'),
  (732, 76, 3, 'Bhimdatta', 'भीमदत्त'),
  (733, 76, 3, 'Punarbas', 'पुर्नवास'),
  (734, 76, 3, 'Bedkot', 'वेदकोट'),
  (735, 76, 3, 'Mahakali', 'माहाकाली'),
  (736, 76, 3, 'Shuklaphanta', 'शुक्लाफाँटा'),
  (737, 76, 3, 'Belauri', 'बेलौरी'),
  (738, 76, 3, 'Krishnapur', 'कृष्णपुर'),
  (739, 76, 4, 'Laljhadi', 'लालझाडी'),
  (740, 76, 4, 'Beldandi', 'बेलडाडी'),
  (741, 77, 4, 'Janaki', 'जानकी'),
  (742, 77, 4, 'Kailari', 'कैलारी'),
  (743, 77, 4, 'Joshipur', 'जोशीपुर'),
  (744, 77, 4, 'Bardagoriya', 'बर्दगोरिया'),
  (745, 77, 4, 'Mohanyal', 'मोहन्याल'),
  (746, 77, 4, 'Chure', 'चुरे'),
  (747, 77, 3, 'Tikapur', 'टिकापुर'),
  (748, 77, 3, 'Ghodaghodi', 'घोडाघोडी'),
  (749, 77, 3, 'Lamkichuha', 'लम्कीचुहा'),
  (750, 77, 3, 'Bhajni', 'भजनी'),
  (751, 77, 3, 'Godawari', 'गोदावरी'),
  (752, 77, 3, 'Gauriganga', 'गौरीगंगा'),
  (753, 77, 2, 'Dhangadhi', 'धनगढी')
ON CONFLICT (id) DO UPDATE SET district_id=EXCLUDED.district_id, type_id=EXCLUDED.type_id, name_en=EXCLUDED.name_en, name_ne=EXCLUDED.name_ne;

COMMIT;
