route,controller,handler,guards,policy,classification,downstream_evidence,calls,boundary
GET /health,AppController,getHealth,,,Public operational probe,apps/api/src/app.controller.ts; health/health.service.ts; no protected school records,appService.getHealth,Preserved existing enforcement; reviewed marker is not a domain authorization grant
GET /,AppController,getInfo,,,Public operational probe,apps/api/src/app.controller.ts; health/health.service.ts; no protected school records,appService.getInfo,Preserved existing enforcement; reviewed marker is not a domain authorization grant
GET /ready,AppController,getReadiness,,,Public operational probe,apps/api/src/app.controller.ts; health/health.service.ts; no protected school records,appService.getReadiness,Preserved existing enforcement; reviewed marker is not a domain authorization grant
POST /auth/change-password,AuthController,changePassword,JwtAuthGuard,,Credential/refresh proof or authenticated self-service,apps/api/src/auth/auth.service.ts credential/session/reset validation; self operations use authenticated user/tenant and session-family checks,authService.changePassword,Preserved existing enforcement; reviewed marker is not a domain authorization grant
POST /auth/mfa/setup/confirm,AuthController,confirmMfaSetup,JwtAuthGuard,,Credential/refresh proof or authenticated self-service,apps/api/src/auth/auth.service.ts credential/session/reset validation; self operations use authenticated user/tenant and session-family checks,authService.confirmMfaSetup,Preserved existing enforcement; reviewed marker is not a domain authorization grant
POST /auth/password-recovery/confirm,AuthController,confirmPasswordRecovery,,,Credential/refresh proof or authenticated self-service,apps/api/src/auth/auth.service.ts credential/session/reset validation; self operations use authenticated user/tenant and session-family checks,authService.confirmPasswordRecovery,Preserved existing enforcement; reviewed marker is not a domain authorization grant
POST /auth/forgot-password,AuthController,forgotPassword,,,Credential/refresh proof or authenticated self-service,apps/api/src/auth/auth.service.ts credential/session/reset validation; self operations use authenticated user/tenant and session-family checks,authService.requestPasswordRecovery,Preserved existing enforcement; reviewed marker is not a domain authorization grant
GET /auth/sessions,AuthController,listSessions,JwtAuthGuard,,Credential/refresh proof or authenticated self-service,apps/api/src/auth/auth.service.ts credential/session/reset validation; self operations use authenticated user/tenant and session-family checks,authService.listSessions,Preserved existing enforcement; reviewed marker is not a domain authorization grant
POST /auth/login,AuthController,login,,,Credential/refresh proof or authenticated self-service,apps/api/src/auth/auth.service.ts credential/session/reset validation; self operations use authenticated user/tenant and session-family checks,authService.login,Preserved existing enforcement; reviewed marker is not a domain authorization grant
POST /auth/logout,AuthController,logout,,,Credential/refresh proof or authenticated self-service,apps/api/src/auth/auth.service.ts credential/session/reset validation; self operations use authenticated user/tenant and session-family checks,authService.logout,Preserved existing enforcement; reviewed marker is not a domain authorization grant
GET /auth/me,AuthController,me,JwtAuthGuard,,Credential/refresh proof or authenticated self-service,apps/api/src/auth/auth.service.ts credential/session/reset validation; self operations use authenticated user/tenant and session-family checks,authService.getProfile,Preserved existing enforcement; reviewed marker is not a domain authorization grant
POST /auth/refresh,AuthController,refresh,,,Credential/refresh proof or authenticated self-service,apps/api/src/auth/auth.service.ts credential/session/reset validation; self operations use authenticated user/tenant and session-family checks,authService.refresh,Preserved existing enforcement; reviewed marker is not a domain authorization grant
POST /auth/mfa/setup/request,AuthController,requestMfaSetup,JwtAuthGuard,,Credential/refresh proof or authenticated self-service,apps/api/src/auth/auth.service.ts credential/session/reset validation; self operations use authenticated user/tenant and session-family checks,authService.requestMfaSetup,Preserved existing enforcement; reviewed marker is not a domain authorization grant
POST /auth/otp/request-login,AuthController,requestOtpLogin,,,Credential/refresh proof or authenticated self-service,apps/api/src/auth/auth.service.ts credential/session/reset validation; self operations use authenticated user/tenant and session-family checks,authService.requestOtpLogin,Preserved existing enforcement; reviewed marker is not a domain authorization grant
POST /auth/password-recovery/request,AuthController,requestPasswordRecovery,,,Credential/refresh proof or authenticated self-service,apps/api/src/auth/auth.service.ts credential/session/reset validation; self operations use authenticated user/tenant and session-family checks,authService.requestPasswordRecovery,Preserved existing enforcement; reviewed marker is not a domain authorization grant
POST /auth/reset-password,AuthController,resetPassword,,,Credential/refresh proof or authenticated self-service,apps/api/src/auth/auth.service.ts credential/session/reset validation; self operations use authenticated user/tenant and session-family checks,authService.confirmPasswordRecovery,Preserved existing enforcement; reviewed marker is not a domain authorization grant
POST /auth/sessions/revoke-others,AuthController,revokeOtherSessions,JwtAuthGuard,,Credential/refresh proof or authenticated self-service,apps/api/src/auth/auth.service.ts credential/session/reset validation; self operations use authenticated user/tenant and session-family checks,authService.revokeOtherSessions,Preserved existing enforcement; reviewed marker is not a domain authorization grant
POST /auth/sessions/:sessionId/revoke,AuthController,revokeSession,JwtAuthGuard,,Credential/refresh proof or authenticated self-service,apps/api/src/auth/auth.service.ts credential/session/reset validation; self operations use authenticated user/tenant and session-family checks,authService.revokeSession,Preserved existing enforcement; reviewed marker is not a domain authorization grant
POST /auth/otp/verify,AuthController,verifyOtpLogin,,,Credential/refresh proof or authenticated self-service,apps/api/src/auth/auth.service.ts credential/session/reset validation; self operations use authenticated user/tenant and session-family checks,authService.verifyOtpLogin,Preserved existing enforcement; reviewed marker is not a domain authorization grant
POST /auth/verify-password,AuthController,verifyPassword,JwtAuthGuard,,Credential/refresh proof or authenticated self-service,apps/api/src/auth/auth.service.ts credential/session/reset validation; self operations use authenticated user/tenant and session-family checks,authService.verifyPassword,Preserved existing enforcement; reviewed marker is not a domain authorization grant
POST /demo-requests,DemoRequestsController,create,,,Public validated/rate-limited intake,apps/api/src/demo-requests/demo-requests.controller.ts Throttle + DTO; demo-requests.service.ts intake only,demoRequestsService.create,Preserved existing enforcement; reviewed marker is not a domain authorization grant
GET /fees/dashboard-summary,FeesController,getDashboardSummary,JwtAuthGuard; RolesPermissionsGuard; EntitlementGuard,FINANCE_DASHBOARD,Any finance read capability,apps/api/src/finance/finance.service.ts#getDashboardSummary -> assertAnyFinancePermission and tenant-scoped aggregates,financeService.getDashboardSummary,Preserved existing enforcement; reviewed marker is not a domain authorization grant
POST /files/:id/complete-upload,FileRegistryController,completeSignedUpload,JwtAuthGuard; TenantActiveGuard; RolesPermissionsGuard,FILE_UPLOAD_OWNER,Tenant asset/upload owner,apps/api/src/file-registry/file-registry.service.ts#completeSignedUpload,fileRegistryService.completeSignedUpload,Preserved existing enforcement; reviewed marker is not a domain authorization grant
POST /files/signed-upload,FileRegistryController,createSignedUpload,JwtAuthGuard; TenantActiveGuard; RolesPermissionsGuard,FILE_MODULE_UPLOAD,Dynamic module capability,apps/api/src/file-registry/file-registry.controller.ts#validateModulePermission; file-registry/file-registry.service.ts#createSignedUpload,fileRegistryService.createSignedUpload,Preserved existing enforcement; reviewed marker is not a domain authorization grant
GET /files/:id/download,FileRegistryController,downloadFile,JwtAuthGuard; TenantActiveGuard; RolesPermissionsGuard,FILE_RESOURCE_ACCESS,Tenant resource/module/relationship,apps/api/src/file-registry/file-registry.service.ts#assertFileAccessForAuth; baseline H05 notice-audience limitation remains,fileRegistryService.getFileMetadata; fileRegistryService.assertFileAccessForAuth; fileRegistryService.auditAccess; storageService.getObjectBuffer,Preserved existing enforcement; reviewed marker is not a domain authorization grant
GET /files/:id/view,FileRegistryController,getFileView,JwtAuthGuard; TenantActiveGuard; RolesPermissionsGuard,FILE_RESOURCE_ACCESS,Tenant resource/module/relationship,apps/api/src/file-registry/file-registry.service.ts#assertFileAccessForAuth; baseline H05 notice-audience limitation remains,fileRegistryService.getFileMetadata; fileRegistryService.assertFileAccessForAuth; fileRegistryService.getSignedUrl,Preserved existing enforcement; reviewed marker is not a domain authorization grant
GET /files/:id/signed-download,FileRegistryController,getSignedDownload,JwtAuthGuard; TenantActiveGuard; RolesPermissionsGuard,FILE_RESOURCE_ACCESS,Tenant resource/module/relationship,apps/api/src/file-registry/file-registry.service.ts#assertFileAccessForAuth; baseline H05 notice-audience limitation remains,fileRegistryService.createSignedDownloadUrl,Preserved existing enforcement; reviewed marker is not a domain authorization grant
GET /files/:id/signed-preview,FileRegistryController,getSignedPreview,JwtAuthGuard; TenantActiveGuard; RolesPermissionsGuard,FILE_RESOURCE_ACCESS,Tenant resource/module/relationship,apps/api/src/file-registry/file-registry.service.ts#assertFileAccessForAuth; baseline H05 notice-audience limitation remains,fileRegistryService.createSignedPreviewUrl,Preserved existing enforcement; reviewed marker is not a domain authorization grant
GET /files/:id/preview,FileRegistryController,previewFile,JwtAuthGuard; TenantActiveGuard; RolesPermissionsGuard,FILE_RESOURCE_ACCESS,Tenant resource/module/relationship,apps/api/src/file-registry/file-registry.service.ts#assertFileAccessForAuth; baseline H05 notice-audience limitation remains,fileRegistryService.getFileMetadata; fileRegistryService.assertFileAccessForAuth; fileRegistryService.auditAccess; storageService.getObjectBuffer,Preserved existing enforcement; reviewed marker is not a domain authorization grant
POST /files/upload,FileRegistryController,uploadFile,JwtAuthGuard; TenantActiveGuard; RolesPermissionsGuard,FILE_MODULE_UPLOAD,Dynamic module capability,apps/api/src/file-registry/file-registry.controller.ts#validateModulePermission; file-registry/file-registry.service.ts#createSignedUpload,storageService.saveBase64Object; fileRegistryService.registerFile; fileRegistryService.markUploaded; fileRegistryService.getSignedUrl,Preserved existing enforcement; reviewed marker is not a domain authorization grant
GET /reference/nepal/local-levels/:id,GeographyController,getLocalLevel,JwtAuthGuard; TenantActiveGuard,,Authenticated shared Nepal reference data,apps/api/src/geography/geography.controller.ts JwtAuthGuard + TenantActiveGuard; geography.service.ts global reference rows only,geographyService.getLocalLevelById,Preserved existing enforcement; reviewed marker is not a domain authorization grant
GET /reference/nepal/version,GeographyController,getVersion,JwtAuthGuard; TenantActiveGuard,,Authenticated shared Nepal reference data,apps/api/src/geography/geography.controller.ts JwtAuthGuard + TenantActiveGuard; geography.service.ts global reference rows only,geographyService.getVersion,Preserved existing enforcement; reviewed marker is not a domain authorization grant
GET /reference/nepal/districts,GeographyController,listDistricts,JwtAuthGuard; TenantActiveGuard,,Authenticated shared Nepal reference data,apps/api/src/geography/geography.controller.ts JwtAuthGuard + TenantActiveGuard; geography.service.ts global reference rows only,geographyService.listDistricts,Preserved existing enforcement; reviewed marker is not a domain authorization grant
GET /reference/nepal/local-levels,GeographyController,listLocalLevels,JwtAuthGuard; TenantActiveGuard,,Authenticated shared Nepal reference data,apps/api/src/geography/geography.controller.ts JwtAuthGuard + TenantActiveGuard; geography.service.ts global reference rows only,geographyService.listLocalLevels,Preserved existing enforcement; reviewed marker is not a domain authorization grant
GET /reference/nepal/local-level-types,GeographyController,listLocalLevelTypes,JwtAuthGuard; TenantActiveGuard,,Authenticated shared Nepal reference data,apps/api/src/geography/geography.controller.ts JwtAuthGuard + TenantActiveGuard; geography.service.ts global reference rows only,geographyService.listLocalLevelTypes,Preserved existing enforcement; reviewed marker is not a domain authorization grant
GET /reference/nepal/provinces,GeographyController,listProvinces,JwtAuthGuard; TenantActiveGuard,,Authenticated shared Nepal reference data,apps/api/src/geography/geography.controller.ts JwtAuthGuard + TenantActiveGuard; geography.service.ts global reference rows only,geographyService.listProvinces,Preserved existing enforcement; reviewed marker is not a domain authorization grant
GET /reference/nepal/search,GeographyController,search,JwtAuthGuard; TenantActiveGuard,,Authenticated shared Nepal reference data,apps/api/src/geography/geography.controller.ts JwtAuthGuard + TenantActiveGuard; geography.service.ts global reference rows only,geographyService.search,Preserved existing enforcement; reviewed marker is not a domain authorization grant
POST /mobile/students/:id/attendance-corrections/:requestId/cancel,MobileController,cancelStudentAttendanceCorrection,JwtAuthGuard; EntitlementGuard,,Live guardian capability/resource or recipient self-service,apps/api/src/mobile/mobile.service.ts -> assertStudentAccess/getAccessibleStudent/parentNotificationVisibility; parent-scope-context.service.ts; service-requests.service.ts#getParentRequest; learning-improvement.service.ts#getParentLearningSummary; existing domain/entitlement/lifecycle checks preserved,mobileService.cancelStudentAttendanceCorrection,Preserved existing enforcement; reviewed marker is not a domain authorization grant
POST /mobile/service-requests/:requestId/cancel,MobileController,cancelStudentServiceRequest,JwtAuthGuard; EntitlementGuard,,Live guardian capability/resource or recipient self-service,apps/api/src/mobile/mobile.service.ts -> assertStudentAccess/getAccessibleStudent/parentNotificationVisibility; parent-scope-context.service.ts; service-requests.service.ts#getParentRequest; learning-improvement.service.ts#getParentLearningSummary; existing domain/entitlement/lifecycle checks preserved,mobileService.cancelStudentServiceRequest,Preserved existing enforcement; reviewed marker is not a domain authorization grant
POST /mobile/students/:id/sandbox-payments/fees,MobileController,collectStudentSandboxFeePayment,JwtAuthGuard; EntitlementGuard,,Live guardian capability/resource or recipient self-service,apps/api/src/mobile/mobile.service.ts -> assertStudentAccess/getAccessibleStudent/parentNotificationVisibility; parent-scope-context.service.ts; service-requests.service.ts#getParentRequest; learning-improvement.service.ts#getParentLearningSummary; existing domain/entitlement/lifecycle checks preserved,mobileService.collectStudentSandboxFeePayment,Preserved existing enforcement; reviewed marker is not a domain authorization grant
POST /mobile/service-requests/:requestId/confirm-resolution,MobileController,confirmStudentServiceRequestResolution,JwtAuthGuard; EntitlementGuard,,Live guardian capability/resource or recipient self-service,apps/api/src/mobile/mobile.service.ts -> assertStudentAccess/getAccessibleStudent/parentNotificationVisibility; parent-scope-context.service.ts; service-requests.service.ts#getParentRequest; learning-improvement.service.ts#getParentLearningSummary; existing domain/entitlement/lifecycle checks preserved,mobileService.confirmStudentServiceRequestResolution,Preserved existing enforcement; reviewed marker is not a domain authorization grant
POST /mobile/students/:id/attendance-corrections,MobileController,createStudentAttendanceCorrection,JwtAuthGuard; EntitlementGuard,,Live guardian capability/resource or recipient self-service,apps/api/src/mobile/mobile.service.ts -> assertStudentAccess/getAccessibleStudent/parentNotificationVisibility; parent-scope-context.service.ts; service-requests.service.ts#getParentRequest; learning-improvement.service.ts#getParentLearningSummary; existing domain/entitlement/lifecycle checks preserved,mobileService.createStudentAttendanceCorrection,Preserved existing enforcement; reviewed marker is not a domain authorization grant
POST /mobile/students/:id/leave-requests,MobileController,createStudentLeaveRequest,JwtAuthGuard; EntitlementGuard,,Live guardian capability/resource or recipient self-service,apps/api/src/mobile/mobile.service.ts -> assertStudentAccess/getAccessibleStudent/parentNotificationVisibility; parent-scope-context.service.ts; service-requests.service.ts#getParentRequest; learning-improvement.service.ts#getParentLearningSummary; existing domain/entitlement/lifecycle checks preserved,mobileService.createStudentLeaveRequest,Preserved existing enforcement; reviewed marker is not a domain authorization grant
POST /mobile/students/:id/service-requests,MobileController,createStudentServiceRequest,JwtAuthGuard; EntitlementGuard,,Live guardian capability/resource or recipient self-service,apps/api/src/mobile/mobile.service.ts -> assertStudentAccess/getAccessibleStudent/parentNotificationVisibility; parent-scope-context.service.ts; service-requests.service.ts#getParentRequest; learning-improvement.service.ts#getParentLearningSummary; existing domain/entitlement/lifecycle checks preserved,mobileService.createStudentServiceRequest,Preserved existing enforcement; reviewed marker is not a domain authorization grant
POST /mobile/me/consents/decision,MobileController,decideMyConsent,JwtAuthGuard; EntitlementGuard,,Live guardian capability/resource or recipient self-service,apps/api/src/mobile/mobile.service.ts -> assertStudentAccess/getAccessibleStudent/parentNotificationVisibility; parent-scope-context.service.ts; service-requests.service.ts#getParentRequest; learning-improvement.service.ts#getParentLearningSummary; existing domain/entitlement/lifecycle checks preserved,mobileService.decideMyConsent,Preserved existing enforcement; reviewed marker is not a domain authorization grant
GET /mobile/service-requests/:requestId/attachments/:attachmentId,MobileController,downloadStudentServiceRequestAttachment,JwtAuthGuard; EntitlementGuard,,Live guardian capability/resource or recipient self-service,apps/api/src/mobile/mobile.service.ts -> assertStudentAccess/getAccessibleStudent/parentNotificationVisibility; parent-scope-context.service.ts; service-requests.service.ts#getParentRequest; learning-improvement.service.ts#getParentLearningSummary; existing domain/entitlement/lifecycle checks preserved,mobileService.downloadStudentServiceRequestAttachment,Preserved existing enforcement; reviewed marker is not a domain authorization grant
GET /mobile/me/dashboard,MobileController,getDashboard,JwtAuthGuard; EntitlementGuard,,Live guardian capability/resource or recipient self-service,apps/api/src/mobile/mobile.service.ts -> assertStudentAccess/getAccessibleStudent/parentNotificationVisibility; parent-scope-context.service.ts; service-requests.service.ts#getParentRequest; learning-improvement.service.ts#getParentLearningSummary; existing domain/entitlement/lifecycle checks preserved,mobileService.getDashboard,Preserved existing enforcement; reviewed marker is not a domain authorization grant
GET /mobile/me/consents,MobileController,getMyConsentStatus,JwtAuthGuard; EntitlementGuard,,Live guardian capability/resource or recipient self-service,apps/api/src/mobile/mobile.service.ts -> assertStudentAccess/getAccessibleStudent/parentNotificationVisibility; parent-scope-context.service.ts; service-requests.service.ts#getParentRequest; learning-improvement.service.ts#getParentLearningSummary; existing domain/entitlement/lifecycle checks preserved,mobileService.getMyConsentStatus,Preserved existing enforcement; reviewed marker is not a domain authorization grant
GET /mobile/me/notifications/:id/attachment,MobileController,getNotificationAttachment,JwtAuthGuard; EntitlementGuard,,Live guardian capability/resource or recipient self-service,apps/api/src/mobile/mobile.service.ts -> assertStudentAccess/getAccessibleStudent/parentNotificationVisibility; parent-scope-context.service.ts; service-requests.service.ts#getParentRequest; learning-improvement.service.ts#getParentLearningSummary; existing domain/entitlement/lifecycle checks preserved,mobileService.getNotificationAttachment,Preserved existing enforcement; reviewed marker is not a domain authorization grant
GET /mobile/me/notifications/:id,MobileController,getNotificationDetail,JwtAuthGuard; EntitlementGuard,,Live guardian capability/resource or recipient self-service,apps/api/src/mobile/mobile.service.ts -> assertStudentAccess/getAccessibleStudent/parentNotificationVisibility; parent-scope-context.service.ts; service-requests.service.ts#getParentRequest; learning-improvement.service.ts#getParentLearningSummary; existing domain/entitlement/lifecycle checks preserved,mobileService.getNotificationDetail,Preserved existing enforcement; reviewed marker is not a domain authorization grant
GET /mobile/me/notifications/unread-count,MobileController,getNotificationUnreadCount,JwtAuthGuard; EntitlementGuard,,Live guardian capability/resource or recipient self-service,apps/api/src/mobile/mobile.service.ts -> assertStudentAccess/getAccessibleStudent/parentNotificationVisibility; parent-scope-context.service.ts; service-requests.service.ts#getParentRequest; learning-improvement.service.ts#getParentLearningSummary; existing domain/entitlement/lifecycle checks preserved,mobileService.getNotificationUnreadCount,Preserved existing enforcement; reviewed marker is not a domain authorization grant
GET /mobile/me/action-centre,MobileController,getParentActionCentre,JwtAuthGuard; EntitlementGuard,,Live guardian capability/resource or recipient self-service,apps/api/src/mobile/mobile.service.ts -> assertStudentAccess/getAccessibleStudent/parentNotificationVisibility; parent-scope-context.service.ts; service-requests.service.ts#getParentRequest; learning-improvement.service.ts#getParentLearningSummary; existing domain/entitlement/lifecycle checks preserved,mobileService.getParentActionCentre,Preserved existing enforcement; reviewed marker is not a domain authorization grant
GET /mobile/students/:id/activity-feed,MobileController,getStudentActivityFeed,JwtAuthGuard; EntitlementGuard,,Live guardian capability/resource or recipient self-service,apps/api/src/mobile/mobile.service.ts -> assertStudentAccess/getAccessibleStudent/parentNotificationVisibility; parent-scope-context.service.ts; service-requests.service.ts#getParentRequest; learning-improvement.service.ts#getParentLearningSummary; existing domain/entitlement/lifecycle checks preserved,mobileService.getStudentActivityFeed,Preserved existing enforcement; reviewed marker is not a domain authorization grant
GET /mobile/students/:id/attendance-summary,MobileController,getStudentAttendanceSummary,JwtAuthGuard; EntitlementGuard,,Live guardian capability/resource or recipient self-service,apps/api/src/mobile/mobile.service.ts -> assertStudentAccess/getAccessibleStudent/parentNotificationVisibility; parent-scope-context.service.ts; service-requests.service.ts#getParentRequest; learning-improvement.service.ts#getParentLearningSummary; existing domain/entitlement/lifecycle checks preserved,mobileService.getStudentAttendanceSummary,Preserved existing enforcement; reviewed marker is not a domain authorization grant
GET /mobile/students/:id/canteen,MobileController,getStudentCanteen,JwtAuthGuard; EntitlementGuard,,Live guardian capability/resource or recipient self-service,apps/api/src/mobile/mobile.service.ts -> assertStudentAccess/getAccessibleStudent/parentNotificationVisibility; parent-scope-context.service.ts; service-requests.service.ts#getParentRequest; learning-improvement.service.ts#getParentLearningSummary; existing domain/entitlement/lifecycle checks preserved,mobileService.getStudentCanteen,Preserved existing enforcement; reviewed marker is not a domain authorization grant
GET /mobile/students/:id/documents/:documentId/download-url,MobileController,getStudentDocumentDownloadUrl,JwtAuthGuard; EntitlementGuard,,Live guardian capability/resource or recipient self-service,apps/api/src/mobile/mobile.service.ts -> assertStudentAccess/getAccessibleStudent/parentNotificationVisibility; parent-scope-context.service.ts; service-requests.service.ts#getParentRequest; learning-improvement.service.ts#getParentLearningSummary; existing domain/entitlement/lifecycle checks preserved,mobileService.getStudentDocumentDownloadUrl,Preserved existing enforcement; reviewed marker is not a domain authorization grant
GET /mobile/students/:id/exam-schedule,MobileController,getStudentExamSchedule,JwtAuthGuard; EntitlementGuard,,Live guardian capability/resource or recipient self-service,apps/api/src/mobile/mobile.service.ts -> assertStudentAccess/getAccessibleStudent/parentNotificationVisibility; parent-scope-context.service.ts; service-requests.service.ts#getParentRequest; learning-improvement.service.ts#getParentLearningSummary; existing domain/entitlement/lifecycle checks preserved,mobileService.getStudentExamSchedule,Preserved existing enforcement; reviewed marker is not a domain authorization grant
GET /mobile/students/:id/fees-summary,MobileController,getStudentFeesSummary,JwtAuthGuard; EntitlementGuard,,Live guardian capability/resource or recipient self-service,apps/api/src/mobile/mobile.service.ts -> assertStudentAccess/getAccessibleStudent/parentNotificationVisibility; parent-scope-context.service.ts; service-requests.service.ts#getParentRequest; learning-improvement.service.ts#getParentLearningSummary; existing domain/entitlement/lifecycle checks preserved,mobileService.getStudentFeesSummary,Preserved existing enforcement; reviewed marker is not a domain authorization grant
GET /mobile/students/:id/homework,MobileController,getStudentHomework,JwtAuthGuard; EntitlementGuard,,Live guardian capability/resource or recipient self-service,apps/api/src/mobile/mobile.service.ts -> assertStudentAccess/getAccessibleStudent/parentNotificationVisibility; parent-scope-context.service.ts; service-requests.service.ts#getParentRequest; learning-improvement.service.ts#getParentLearningSummary; existing domain/entitlement/lifecycle checks preserved,mobileService.getStudentHomework,Preserved existing enforcement; reviewed marker is not a domain authorization grant
GET /mobile/students/:id/homework/:homeworkId/attachments/:attachmentId/download-url,MobileController,getStudentHomeworkAttachmentDownloadUrl,JwtAuthGuard; EntitlementGuard,,Live guardian capability/resource or recipient self-service,apps/api/src/mobile/mobile.service.ts -> assertStudentAccess/getAccessibleStudent/parentNotificationVisibility; parent-scope-context.service.ts; service-requests.service.ts#getParentRequest; learning-improvement.service.ts#getParentLearningSummary; existing domain/entitlement/lifecycle checks preserved,mobileService.getStudentHomeworkAttachmentDownloadUrl,Preserved existing enforcement; reviewed marker is not a domain authorization grant
GET /mobile/students/:id/homework/:homeworkId/attachments,MobileController,getStudentHomeworkAttachments,JwtAuthGuard; EntitlementGuard,,Live guardian capability/resource or recipient self-service,apps/api/src/mobile/mobile.service.ts -> assertStudentAccess/getAccessibleStudent/parentNotificationVisibility; parent-scope-context.service.ts; service-requests.service.ts#getParentRequest; learning-improvement.service.ts#getParentLearningSummary; existing domain/entitlement/lifecycle checks preserved,mobileService.getStudentHomeworkAttachments,Preserved existing enforcement; reviewed marker is not a domain authorization grant
GET /mobile/students/:id/learning-summary,MobileController,getStudentLearningSummary,JwtAuthGuard; EntitlementGuard,,Live guardian capability/resource or recipient self-service,apps/api/src/mobile/mobile.service.ts -> assertStudentAccess/getAccessibleStudent/parentNotificationVisibility; parent-scope-context.service.ts; service-requests.service.ts#getParentRequest; learning-improvement.service.ts#getParentLearningSummary; existing domain/entitlement/lifecycle checks preserved,learningImprovementService.getParentLearningSummary,Preserved existing enforcement; reviewed marker is not a domain authorization grant
GET /mobile/students/:id/library,MobileController,getStudentLibrary,JwtAuthGuard; EntitlementGuard,,Live guardian capability/resource or recipient self-service,apps/api/src/mobile/mobile.service.ts -> assertStudentAccess/getAccessibleStudent/parentNotificationVisibility; parent-scope-context.service.ts; service-requests.service.ts#getParentRequest; learning-improvement.service.ts#getParentLearningSummary; existing domain/entitlement/lifecycle checks preserved,mobileService.getStudentLibrary,Preserved existing enforcement; reviewed marker is not a domain authorization grant
GET /mobile/students/:id/payment-gateway-readiness,MobileController,getStudentPaymentGatewayReadiness,JwtAuthGuard; EntitlementGuard,,Live guardian capability/resource or recipient self-service,apps/api/src/mobile/mobile.service.ts -> assertStudentAccess/getAccessibleStudent/parentNotificationVisibility; parent-scope-context.service.ts; service-requests.service.ts#getParentRequest; learning-improvement.service.ts#getParentLearningSummary; existing domain/entitlement/lifecycle checks preserved,mobileService.getStudentPaymentGatewayReadiness,Preserved existing enforcement; reviewed marker is not a domain authorization grant
GET /mobile/students/:id/profile,MobileController,getStudentProfile,JwtAuthGuard; EntitlementGuard,,Live guardian capability/resource or recipient self-service,apps/api/src/mobile/mobile.service.ts -> assertStudentAccess/getAccessibleStudent/parentNotificationVisibility; parent-scope-context.service.ts; service-requests.service.ts#getParentRequest; learning-improvement.service.ts#getParentLearningSummary; existing domain/entitlement/lifecycle checks preserved,mobileService.getStudentProfile,Preserved existing enforcement; reviewed marker is not a domain authorization grant
GET /mobile/students/:id/receipts/:receiptNumber.pdf,MobileController,getStudentReceiptPdf,JwtAuthGuard; EntitlementGuard,,Live guardian capability/resource or recipient self-service,apps/api/src/mobile/mobile.service.ts -> assertStudentAccess/getAccessibleStudent/parentNotificationVisibility; parent-scope-context.service.ts; service-requests.service.ts#getParentRequest; learning-improvement.service.ts#getParentLearningSummary; existing domain/entitlement/lifecycle checks preserved,mobileService.getStudentReceiptPdf,Preserved existing enforcement; reviewed marker is not a domain authorization grant
GET /mobile/students/:id/report-cards/:reportCardId.pdf,MobileController,getStudentReportCardPdf,JwtAuthGuard; EntitlementGuard,,Live guardian capability/resource or recipient self-service,apps/api/src/mobile/mobile.service.ts -> assertStudentAccess/getAccessibleStudent/parentNotificationVisibility; parent-scope-context.service.ts; service-requests.service.ts#getParentRequest; learning-improvement.service.ts#getParentLearningSummary; existing domain/entitlement/lifecycle checks preserved,mobileService.getStudentReportCardPdf,Preserved existing enforcement; reviewed marker is not a domain authorization grant
GET /mobile/students/:id/report-cards,MobileController,getStudentReportCards,JwtAuthGuard; EntitlementGuard,,Live guardian capability/resource or recipient self-service,apps/api/src/mobile/mobile.service.ts -> assertStudentAccess/getAccessibleStudent/parentNotificationVisibility; parent-scope-context.service.ts; service-requests.service.ts#getParentRequest; learning-improvement.service.ts#getParentLearningSummary; existing domain/entitlement/lifecycle checks preserved,mobileService.getStudentReportCards,Preserved existing enforcement; reviewed marker is not a domain authorization grant
GET /mobile/service-requests/:requestId,MobileController,getStudentServiceRequest,JwtAuthGuard; EntitlementGuard,,Live guardian capability/resource or recipient self-service,apps/api/src/mobile/mobile.service.ts -> assertStudentAccess/getAccessibleStudent/parentNotificationVisibility; parent-scope-context.service.ts; service-requests.service.ts#getParentRequest; learning-improvement.service.ts#getParentLearningSummary; existing domain/entitlement/lifecycle checks preserved,mobileService.getStudentServiceRequest,Preserved existing enforcement; reviewed marker is not a domain authorization grant
GET /mobile/students/:id/timetable,MobileController,getStudentTimetable,JwtAuthGuard; EntitlementGuard,,Live guardian capability/resource or recipient self-service,apps/api/src/mobile/mobile.service.ts -> assertStudentAccess/getAccessibleStudent/parentNotificationVisibility; parent-scope-context.service.ts; service-requests.service.ts#getParentRequest; learning-improvement.service.ts#getParentLearningSummary; existing domain/entitlement/lifecycle checks preserved,mobileService.getStudentTimetable,Preserved existing enforcement; reviewed marker is not a domain authorization grant
GET /mobile/students/:id/transport,MobileController,getStudentTransport,JwtAuthGuard; EntitlementGuard,,Live guardian capability/resource or recipient self-service,apps/api/src/mobile/mobile.service.ts -> assertStudentAccess/getAccessibleStudent/parentNotificationVisibility; parent-scope-context.service.ts; service-requests.service.ts#getParentRequest; learning-improvement.service.ts#getParentLearningSummary; existing domain/entitlement/lifecycle checks preserved,mobileService.getStudentTransport,Preserved existing enforcement; reviewed marker is not a domain authorization grant
GET /mobile/students/:id/weekly-progress,MobileController,getStudentWeeklyProgress,JwtAuthGuard; EntitlementGuard,,Live guardian capability/resource or recipient self-service,apps/api/src/mobile/mobile.service.ts -> assertStudentAccess/getAccessibleStudent/parentNotificationVisibility; parent-scope-context.service.ts; service-requests.service.ts#getParentRequest; learning-improvement.service.ts#getParentLearningSummary; existing domain/entitlement/lifecycle checks preserved,mobileService.getStudentWeeklyProgress,Preserved existing enforcement; reviewed marker is not a domain authorization grant
POST /mobile/students/:id/payment-intents,MobileController,initiateStudentPayment,JwtAuthGuard; EntitlementGuard,,Live guardian capability/resource or recipient self-service,apps/api/src/mobile/mobile.service.ts -> assertStudentAccess/getAccessibleStudent/parentNotificationVisibility; parent-scope-context.service.ts; service-requests.service.ts#getParentRequest; learning-improvement.service.ts#getParentLearningSummary; existing domain/entitlement/lifecycle checks preserved,mobileService.initiateStudentPayment,Preserved existing enforcement; reviewed marker is not a domain authorization grant
GET /mobile/me/students,MobileController,listMyStudents,JwtAuthGuard; EntitlementGuard,,Live guardian capability/resource or recipient self-service,apps/api/src/mobile/mobile.service.ts -> assertStudentAccess/getAccessibleStudent/parentNotificationVisibility; parent-scope-context.service.ts; service-requests.service.ts#getParentRequest; learning-improvement.service.ts#getParentLearningSummary; existing domain/entitlement/lifecycle checks preserved,mobileService.listMyStudents,Preserved existing enforcement; reviewed marker is not a domain authorization grant
GET /mobile/me/notifications,MobileController,listNotifications,JwtAuthGuard; EntitlementGuard,,Live guardian capability/resource or recipient self-service,apps/api/src/mobile/mobile.service.ts -> assertStudentAccess/getAccessibleStudent/parentNotificationVisibility; parent-scope-context.service.ts; service-requests.service.ts#getParentRequest; learning-improvement.service.ts#getParentLearningSummary; existing domain/entitlement/lifecycle checks preserved,mobileService.listNotifications,Preserved existing enforcement; reviewed marker is not a domain authorization grant
GET /mobile/students/:id/attendance-corrections,MobileController,listStudentAttendanceCorrections,JwtAuthGuard; EntitlementGuard,,Live guardian capability/resource or recipient self-service,apps/api/src/mobile/mobile.service.ts -> assertStudentAccess/getAccessibleStudent/parentNotificationVisibility; parent-scope-context.service.ts; service-requests.service.ts#getParentRequest; learning-improvement.service.ts#getParentLearningSummary; existing domain/entitlement/lifecycle checks preserved,mobileService.listStudentAttendanceCorrections,Preserved existing enforcement; reviewed marker is not a domain authorization grant
GET /mobile/students/:id/leave-requests,MobileController,listStudentLeaveRequests,JwtAuthGuard; EntitlementGuard,,Live guardian capability/resource or recipient self-service,apps/api/src/mobile/mobile.service.ts -> assertStudentAccess/getAccessibleStudent/parentNotificationVisibility; parent-scope-context.service.ts; service-requests.service.ts#getParentRequest; learning-improvement.service.ts#getParentLearningSummary; existing domain/entitlement/lifecycle checks preserved,mobileService.listStudentLeaveRequests,Preserved existing enforcement; reviewed marker is not a domain authorization grant
GET /mobile/students/:id/service-requests,MobileController,listStudentServiceRequests,JwtAuthGuard; EntitlementGuard,,Live guardian capability/resource or recipient self-service,apps/api/src/mobile/mobile.service.ts -> assertStudentAccess/getAccessibleStudent/parentNotificationVisibility; parent-scope-context.service.ts; service-requests.service.ts#getParentRequest; learning-improvement.service.ts#getParentLearningSummary; existing domain/entitlement/lifecycle checks preserved,mobileService.listStudentServiceRequests,Preserved existing enforcement; reviewed marker is not a domain authorization grant
POST /mobile/me/notifications/mark-all-read,MobileController,markAllNotificationsRead,JwtAuthGuard; EntitlementGuard,,Live guardian capability/resource or recipient self-service,apps/api/src/mobile/mobile.service.ts -> assertStudentAccess/getAccessibleStudent/parentNotificationVisibility; parent-scope-context.service.ts; service-requests.service.ts#getParentRequest; learning-improvement.service.ts#getParentLearningSummary; existing domain/entitlement/lifecycle checks preserved,mobileService.markAllNotificationsRead,Preserved existing enforcement; reviewed marker is not a domain authorization grant
POST /mobile/me/notifications/:id/read,MobileController,markNotificationRead,JwtAuthGuard; EntitlementGuard,,Live guardian capability/resource or recipient self-service,apps/api/src/mobile/mobile.service.ts -> assertStudentAccess/getAccessibleStudent/parentNotificationVisibility; parent-scope-context.service.ts; service-requests.service.ts#getParentRequest; learning-improvement.service.ts#getParentLearningSummary; existing domain/entitlement/lifecycle checks preserved,mobileService.markNotificationRead,Preserved existing enforcement; reviewed marker is not a domain authorization grant
POST /mobile/service-requests/:requestId/reopen,MobileController,reopenStudentServiceRequest,JwtAuthGuard; EntitlementGuard,,Live guardian capability/resource or recipient self-service,apps/api/src/mobile/mobile.service.ts -> assertStudentAccess/getAccessibleStudent/parentNotificationVisibility; parent-scope-context.service.ts; service-requests.service.ts#getParentRequest; learning-improvement.service.ts#getParentLearningSummary; existing domain/entitlement/lifecycle checks preserved,mobileService.reopenStudentServiceRequest,Preserved existing enforcement; reviewed marker is not a domain authorization grant
POST /mobile/students/:id/sandbox-payments/canteen-top-up,MobileController,topUpStudentCanteenSandbox,JwtAuthGuard; EntitlementGuard,,Live guardian capability/resource or recipient self-service,apps/api/src/mobile/mobile.service.ts -> assertStudentAccess/getAccessibleStudent/parentNotificationVisibility; parent-scope-context.service.ts; service-requests.service.ts#getParentRequest; learning-improvement.service.ts#getParentLearningSummary; existing domain/entitlement/lifecycle checks preserved,mobileService.topUpStudentCanteenSandbox,Preserved existing enforcement; reviewed marker is not a domain authorization grant
POST /mobile/service-requests/:requestId/attachments,MobileController,uploadStudentServiceRequestAttachment,JwtAuthGuard; EntitlementGuard,,Live guardian capability/resource or recipient self-service,apps/api/src/mobile/mobile.service.ts -> assertStudentAccess/getAccessibleStudent/parentNotificationVisibility; parent-scope-context.service.ts; service-requests.service.ts#getParentRequest; learning-improvement.service.ts#getParentLearningSummary; existing domain/entitlement/lifecycle checks preserved,mobileService.uploadStudentServiceRequestAttachment,Preserved existing enforcement; reviewed marker is not a domain authorization grant
POST /mobile/push-tokens,MobilePushTokensController,register,JwtAuthGuard; EntitlementGuard,,Authenticated installation self-service,apps/api/src/notifications/device-push-tokens.service.ts#register/revoke -> tenant+user+installation and persona entitlement,devicePushTokensService.register,Preserved existing enforcement; reviewed marker is not a domain authorization grant
DELETE /mobile/push-tokens/:installationId,MobilePushTokensController,revoke,JwtAuthGuard; EntitlementGuard,,Authenticated installation self-service,apps/api/src/notifications/device-push-tokens.service.ts#register/revoke -> tenant+user+installation and persona entitlement,devicePushTokensService.revoke,Preserved existing enforcement; reviewed marker is not a domain authorization grant
GET /payments/requests,PaymentsController,listApprovalRequests,JwtAuthGuard; RolesPermissionsGuard; EntitlementGuard,FINANCE_REQUEST_REVIEW,Action-specific finance capability; existing reviewer/lifecycle,apps/api/src/finance/payments.controller.ts#listApprovalRequests/reviewApprovalRequest; finance/finance.service.ts#listApprovalRequests/reviewApprovalRequest,financeService.listApprovalRequests,Preserved existing enforcement; reviewed marker is not a domain authorization grant
GET /payments/:id/allocations,PaymentsController,listPaymentAllocations,JwtAuthGuard; RolesPermissionsGuard; EntitlementGuard,PAYMENT_ALLOCATIONS,Any finance allocation capability and exact tenant payment,apps/api/src/finance/finance.service.ts#listPaymentAllocations -> assertAnyFinancePermission and tenant payment query,financeService.listPaymentAllocations,Preserved existing enforcement; reviewed marker is not a domain authorization grant
POST /payments/requests/:id/review,PaymentsController,reviewApprovalRequest,JwtAuthGuard; RolesPermissionsGuard; EntitlementGuard,FINANCE_REQUEST_REVIEW,Action-specific finance capability; existing reviewer/lifecycle,apps/api/src/finance/payments.controller.ts#listApprovalRequests/reviewApprovalRequest; finance/finance.service.ts#listApprovalRequests/reviewApprovalRequest,financeService.reviewApprovalRequest,Preserved existing enforcement; reviewed marker is not a domain authorization grant
POST /payments/online/webhook/:provider,PaymentsWebhookController,handleWebhook,,,Provider signature and server payment resolution,apps/api/src/finance/finance.service.ts#handleOnlinePaymentWebhook -> provider readiness/signature/authoritative intent tenant/idempotent settlement; client tenant is not used as authority,financeService.handleOnlinePaymentWebhook,Preserved existing enforcement; reviewed marker is not a domain authorization grant
PATCH /settings/:key,SettingsController,updateSetting,JwtAuthGuard; TenantActiveGuard; RolesPermissionsGuard,SETTING_KEY_WRITE,Dynamic setting-key capability,apps/api/src/settings/settings.service.ts#updateSetting -> allowedKeys/canWriteSchoolSettingKey/value validation/tenant key/audit,settingsService.updateSetting,Preserved existing enforcement; reviewed marker is not a domain authorization grant
GET /sync/authority,SyncAuthorityController,getAuthority,JwtAuthGuard; TenantActiveGuard; EntitlementGuard,,Authenticated tenant authority discovery; legacy Platform UUID exclusion gap,apps/api/src/sync/sync-authority.controller.ts#getAuthority -> JwtAuthGuard/TenantActiveGuard/EntitlementGuard; trusted tenant only,,Preserved existing enforcement; reviewed marker is not a domain authorization grant
